uuid,ocdid,state,name
04dbaa8a-d422-5f05-9a7f-1ac1e3915317,ocd-division/country:us/state:oh/place:akron/ward:1,oh,Akron OH City Council ward 1
91a28aab-9b92-5cd6-835e-2a1a5bc84d2d,ocd-division/country:us/state:oh/place:akron/ward:10,oh,Akron OH City Council ward 10
fc880668-5a3e-5233-918d-19f69a444772,ocd-division/country:us/state:oh/place:akron/ward:2,oh,Akron OH City Council ward 2
8db92ea3-470c-5418-a6bb-66541d376da7,ocd-division/country:us/state:oh/place:akron/ward:3,oh,Akron OH City Council ward 3
35b5b801-d9a8-5afc-ad7f-97a4d9dd10da,ocd-division/country:us/state:oh/place:akron/ward:4,oh,Akron OH City Council ward 4
c4faf41a-a267-5b68-979a-fa4583a5bf95,ocd-division/country:us/state:oh/place:akron/ward:5,oh,Akron OH City Council ward 5
ab5b2f24-a172-59ab-b419-77549924b35d,ocd-division/country:us/state:oh/place:akron/ward:6,oh,Akron OH City Council ward 6
a4119661-3e4f-5fe9-b733-e584b18c9532,ocd-division/country:us/state:oh/place:akron/ward:7,oh,Akron OH City Council ward 7
7e813a64-d05e-5972-b140-35e0fb0dc4ad,ocd-division/country:us/state:oh/place:akron/ward:8,oh,Akron OH City Council ward 8
71dcdfce-44e1-5af7-95e4-c3c64646a498,ocd-division/country:us/state:oh/place:akron/ward:9,oh,Akron OH City Council ward 9
0222d269-b1a8-5cf1-8fbb-358b2c3f7ca8,ocd-division/country:us/state:oh/place:cincinnati/ward:1,oh,Cincinnati OH ward 1
25319a06-f086-5f1d-b524-808cea1b659b,ocd-division/country:us/state:oh/place:cincinnati/ward:10,oh,Cincinnati OH ward 10
506782c6-3ce6-55ed-beae-2aa10dd39bc2,ocd-division/country:us/state:oh/place:cincinnati/ward:11,oh,Cincinnati OH ward 11
4aff4f19-b9a3-52d0-b411-d96271d10faa,ocd-division/country:us/state:oh/place:cincinnati/ward:12,oh,Cincinnati OH ward 12
ffebd016-c979-5510-ab78-b889e16b38de,ocd-division/country:us/state:oh/place:cincinnati/ward:13,oh,Cincinnati OH ward 13
ea34aeab-9001-5d4b-94b8-8bd3e9e6ce10,ocd-division/country:us/state:oh/place:cincinnati/ward:14,oh,Cincinnati OH ward 14
37cf3be5-c0bb-5224-a3a0-6a070eb20c61,ocd-division/country:us/state:oh/place:cincinnati/ward:15,oh,Cincinnati OH ward 15
285ec2e3-5e33-59c2-8940-b3a9b0c06016,ocd-division/country:us/state:oh/place:cincinnati/ward:16,oh,Cincinnati OH ward 16
739895ac-fdbd-591b-9670-de8733cb6450,ocd-division/country:us/state:oh/place:cincinnati/ward:17,oh,Cincinnati OH ward 17
42fa85e5-e3f2-5a3b-9207-421fd404d021,ocd-division/country:us/state:oh/place:cincinnati/ward:18,oh,Cincinnati OH ward 18
8f84c6ed-b170-5fa2-9931-423d4259af5e,ocd-division/country:us/state:oh/place:cincinnati/ward:19,oh,Cincinnati OH ward 19
7ea9fa22-f202-5253-a898-bc5435d66160,ocd-division/country:us/state:oh/place:cincinnati/ward:2,oh,Cincinnati OH ward 2
42ff6c4a-a9d4-5c94-8a46-443485d41fe9,ocd-division/country:us/state:oh/place:cincinnati/ward:20,oh,Cincinnati OH ward 20
c19ab215-c7cb-5fe4-8917-665972d1ef56,ocd-division/country:us/state:oh/place:cincinnati/ward:21,oh,Cincinnati OH ward 21
ba1f9e76-9ac9-56b3-89de-6feb5e85fad0,ocd-division/country:us/state:oh/place:cincinnati/ward:22,oh,Cincinnati OH ward 22
91d6ae3f-f048-5ba7-a375-f6dc0b95a4b1,ocd-division/country:us/state:oh/place:cincinnati/ward:23,oh,Cincinnati OH ward 23
2e2179fa-4ac6-5957-bd40-5697495a6fa2,ocd-division/country:us/state:oh/place:cincinnati/ward:24,oh,Cincinnati OH ward 24
ab6248ea-7f8c-55b0-8cf7-26cf68e7a590,ocd-division/country:us/state:oh/place:cincinnati/ward:25,oh,Cincinnati OH ward 25
953c4512-7c09-57ab-b68d-f2e11e01a471,ocd-division/country:us/state:oh/place:cincinnati/ward:26,oh,Cincinnati OH ward 26
f4d51a42-79fc-5b77-a189-cad260598c5e,ocd-division/country:us/state:oh/place:cincinnati/ward:3,oh,Cincinnati OH ward 3
bae5f0ab-7997-5f75-977c-b51ce1b5cb8b,ocd-division/country:us/state:oh/place:cincinnati/ward:4,oh,Cincinnati OH ward 4
ec94d8e2-20eb-5958-83ff-7690c5e31c8c,ocd-division/country:us/state:oh/place:cincinnati/ward:5,oh,Cincinnati OH ward 5
84d128dd-872a-5739-9269-e2af45be2b1f,ocd-division/country:us/state:oh/place:cincinnati/ward:6,oh,Cincinnati OH ward 6
473c6067-621f-5471-98d0-774c82d0e740,ocd-division/country:us/state:oh/place:cincinnati/ward:7,oh,Cincinnati OH ward 7
5ec59a5d-e444-5570-941b-6ab07e673ee0,ocd-division/country:us/state:oh/place:cincinnati/ward:8,oh,Cincinnati OH ward 8
538493d6-1649-5e1b-8783-828652bac8ea,ocd-division/country:us/state:oh/place:cincinnati/ward:9,oh,Cincinnati OH ward 9
4b14799c-5bc2-5ad0-95cb-e22398f5c983,ocd-division/country:us/state:oh/place:cleveland/ward:1,oh,Cleveland OH - ward 1
a3709711-1711-5371-9026-0e31b3205c91,ocd-division/country:us/state:oh/place:cleveland/ward:10,oh,Cleveland OH - ward 10
6c789848-986e-51c5-a522-e18eb8a7d4af,ocd-division/country:us/state:oh/place:cleveland/ward:11,oh,Cleveland OH - ward 11
3ec28d69-b794-5ec1-87c5-764ed41981cf,ocd-division/country:us/state:oh/place:cleveland/ward:12,oh,Cleveland OH - ward 12
722800a1-f3fc-58fb-8af3-7b37f35490e3,ocd-division/country:us/state:oh/place:cleveland/ward:13,oh,Cleveland OH - ward 13
46fd9e28-239d-5c87-988c-df7dac85afb1,ocd-division/country:us/state:oh/place:cleveland/ward:14,oh,Cleveland OH - ward 14
2dfc0910-a393-5c2a-9ebf-769796292643,ocd-division/country:us/state:oh/place:cleveland/ward:15,oh,Cleveland OH - ward 15
e0f32404-55e1-5c06-af63-357e0fc1cddf,ocd-division/country:us/state:oh/place:cleveland/ward:16,oh,Cleveland OH - ward 16
bd58aba6-b6fb-5307-b7cc-bda65bc16a2c,ocd-division/country:us/state:oh/place:cleveland/ward:17,oh,Cleveland OH - ward 17
082f61d2-55d4-52a1-8e8b-432a7095e717,ocd-division/country:us/state:oh/place:cleveland/ward:18,oh,Cleveland OH - ward 18 (defunct as of 2014)
19b0fc88-6002-5431-9d04-fa61650a9a48,ocd-division/country:us/state:oh/place:cleveland/ward:19,oh,Cleveland OH - ward 19 (defunct as of 2014)
51ab5f33-86c8-5f8a-ac31-736150c715e0,ocd-division/country:us/state:oh/place:cleveland/ward:2,oh,Cleveland OH - ward 2
a61d2694-63bc-56cf-a279-1aa0df343c4f,ocd-division/country:us/state:oh/place:cleveland/ward:3,oh,Cleveland OH - ward 3
87d14ba0-2c5b-59f2-8496-0f1baecce994,ocd-division/country:us/state:oh/place:cleveland/ward:4,oh,Cleveland OH - ward 4
bb559f2f-71fc-5509-ae3a-98f8531b8707,ocd-division/country:us/state:oh/place:cleveland/ward:5,oh,Cleveland OH - ward 5
d2fb64d6-8332-59c7-b030-b79fc1113888,ocd-division/country:us/state:oh/place:cleveland/ward:6,oh,Cleveland OH - ward 6
c099fd37-9a8c-5bfd-b737-b130cf53bf49,ocd-division/country:us/state:oh/place:cleveland/ward:7,oh,Cleveland OH - ward 7
8d98cdfc-573d-56c3-af59-f8e5c1af6f78,ocd-division/country:us/state:oh/place:cleveland/ward:8,oh,Cleveland OH - ward 8
90eba64b-3e98-5038-ab2d-d024e7a59524,ocd-division/country:us/state:oh/place:cleveland/ward:9,oh,Cleveland OH - ward 9
b7a4e5dd-31ed-537c-b16a-8ddddec0c1a7,ocd-division/country:us/state:oh/place:columbus/ward:1,oh,Columbus OH ward 1
079e2fbe-26fa-588c-a02f-f56644e22015,ocd-division/country:us/state:oh/place:columbus/ward:10,oh,Columbus OH ward 10
73b105b8-1ff9-59c3-8229-9b88a3288c5f,ocd-division/country:us/state:oh/place:columbus/ward:11,oh,Columbus OH ward 11
2c46c3d9-a46f-5b60-99ef-3ff02668f593,ocd-division/country:us/state:oh/place:columbus/ward:12,oh,Columbus OH ward 12
37b16209-b29e-5176-b826-b99d54b8a901,ocd-division/country:us/state:oh/place:columbus/ward:13,oh,Columbus OH ward 13
8b8ba658-a77f-5ab9-a6fd-830a90662bf4,ocd-division/country:us/state:oh/place:columbus/ward:14,oh,Columbus OH ward 14
1536e2a0-18e7-53f7-9c7a-34fe5565d93a,ocd-division/country:us/state:oh/place:columbus/ward:15,oh,Columbus OH ward 15
af1bc498-df59-5f6b-a226-16a37a75e4c0,ocd-division/country:us/state:oh/place:columbus/ward:16,oh,Columbus OH ward 16
b6d07f11-117b-5bb4-a0c2-22ca07936b30,ocd-division/country:us/state:oh/place:columbus/ward:17,oh,Columbus OH ward 17
197e45f8-6843-5056-b27b-ca4bb3476831,ocd-division/country:us/state:oh/place:columbus/ward:18,oh,Columbus OH ward 18
bf82ce3a-70a5-5698-9b67-0aa85219eb0c,ocd-division/country:us/state:oh/place:columbus/ward:19,oh,Columbus OH ward 19
3b19b698-f863-518a-b301-330a13fb6434,ocd-division/country:us/state:oh/place:columbus/ward:2,oh,Columbus OH ward 2
2d248e99-bd6d-5d9b-992b-2751d48e14d8,ocd-division/country:us/state:oh/place:columbus/ward:20,oh,Columbus OH ward 20
79f4e9b8-d686-56f4-8838-aa4009e10be7,ocd-division/country:us/state:oh/place:columbus/ward:21,oh,Columbus OH ward 21
12b77792-340e-5ed1-8124-ea62fbaebf3d,ocd-division/country:us/state:oh/place:columbus/ward:22,oh,Columbus OH ward 22
c3550ef6-f487-5103-8ada-1ac09de1a69d,ocd-division/country:us/state:oh/place:columbus/ward:23,oh,Columbus OH ward 23
f39ab984-3e19-5123-9306-6ad209d147e0,ocd-division/country:us/state:oh/place:columbus/ward:24,oh,Columbus OH ward 24
0e1dfb01-39dd-594c-88a8-21691e3797c4,ocd-division/country:us/state:oh/place:columbus/ward:25,oh,Columbus OH ward 25
7d5251ff-b15a-568a-a306-77c5227b5b5a,ocd-division/country:us/state:oh/place:columbus/ward:26,oh,Columbus OH ward 26
84e383ec-e898-571d-af83-a6e7d67509c8,ocd-division/country:us/state:oh/place:columbus/ward:27,oh,Columbus OH ward 27
531dd6ee-80ec-5cf5-9c92-a1ef4a391848,ocd-division/country:us/state:oh/place:columbus/ward:28,oh,Columbus OH ward 28
1e3f2abd-dc03-5660-a52c-440ada1ed2ae,ocd-division/country:us/state:oh/place:columbus/ward:29,oh,Columbus OH ward 29
e480329b-b871-5d0d-82d4-2038954aacb6,ocd-division/country:us/state:oh/place:columbus/ward:3,oh,Columbus OH ward 3
0a75376b-68c2-536d-9160-6c7e9a3b17ca,ocd-division/country:us/state:oh/place:columbus/ward:30,oh,Columbus OH ward 30
e55daf08-6247-551c-bbc7-ada99cb8d5de,ocd-division/country:us/state:oh/place:columbus/ward:31,oh,Columbus OH ward 31
6d32cbc6-a1fa-5b3f-854e-eab537a796bd,ocd-division/country:us/state:oh/place:columbus/ward:32,oh,Columbus OH ward 32
1d839e2b-702a-5364-8097-b5e0f3d0afe6,ocd-division/country:us/state:oh/place:columbus/ward:33,oh,Columbus OH ward 33
6f36c571-df05-5df4-8c04-d532bc56c1a0,ocd-division/country:us/state:oh/place:columbus/ward:34,oh,Columbus OH ward 34
4ae5e0b8-8f83-5a37-a26f-9324ce26513b,ocd-division/country:us/state:oh/place:columbus/ward:35,oh,Columbus OH ward 35
ec5ce21f-db19-5cc0-b6dd-ce23cab04894,ocd-division/country:us/state:oh/place:columbus/ward:36,oh,Columbus OH ward 36
59f41e0f-7f14-5e3b-b67f-1c621229e26b,ocd-division/country:us/state:oh/place:columbus/ward:37,oh,Columbus OH ward 37
f9ed0714-9c45-5557-b593-4211082d886d,ocd-division/country:us/state:oh/place:columbus/ward:38,oh,Columbus OH ward 38
9cc2fb62-8896-5235-b5af-f9b5dbda667e,ocd-division/country:us/state:oh/place:columbus/ward:39,oh,Columbus OH ward 39
9f526715-9635-5d1a-8cec-9033153e448f,ocd-division/country:us/state:oh/place:columbus/ward:4,oh,Columbus OH ward 4
20315b8f-0ca2-5e08-9896-e5d1f32b8229,ocd-division/country:us/state:oh/place:columbus/ward:40,oh,Columbus OH ward 40
ad1f5034-9a1f-5ea9-b916-00e605e724be,ocd-division/country:us/state:oh/place:columbus/ward:41,oh,Columbus OH ward 41
b62164a9-3d42-513a-a9f2-7cb20419d89d,ocd-division/country:us/state:oh/place:columbus/ward:42,oh,Columbus OH ward 42
214a4066-e593-5b37-b86d-4f2609828d42,ocd-division/country:us/state:oh/place:columbus/ward:43,oh,Columbus OH ward 43
fb680d17-500d-5269-868c-9ee218631c76,ocd-division/country:us/state:oh/place:columbus/ward:44,oh,Columbus OH ward 44
3f20753b-6f74-5378-9378-4644a0aadb56,ocd-division/country:us/state:oh/place:columbus/ward:45,oh,Columbus OH ward 45
b324a646-e903-5af7-bd6f-778b29b3d4b9,ocd-division/country:us/state:oh/place:columbus/ward:46,oh,Columbus OH ward 46
0fe12937-3841-52ba-9bfa-8096a297b5d2,ocd-division/country:us/state:oh/place:columbus/ward:47,oh,Columbus OH ward 47
af596ec9-03b4-5f00-90c6-7da78ba98e92,ocd-division/country:us/state:oh/place:columbus/ward:48,oh,Columbus OH ward 48
a63f321a-fab3-5312-a302-eb9d5418c4b6,ocd-division/country:us/state:oh/place:columbus/ward:49,oh,Columbus OH ward 49
79dcf57f-889f-5134-b08a-ea54fbb512f3,ocd-division/country:us/state:oh/place:columbus/ward:5,oh,Columbus OH ward 5
e296ec44-0189-577c-a188-7b76a3def64c,ocd-division/country:us/state:oh/place:columbus/ward:50,oh,Columbus OH ward 50
8e01b375-17a8-52f0-b135-e719ed7314da,ocd-division/country:us/state:oh/place:columbus/ward:51,oh,Columbus OH ward 51
19257d75-859a-5d9f-a280-aad5d93eb9e7,ocd-division/country:us/state:oh/place:columbus/ward:52,oh,Columbus OH ward 52
277df840-537b-5446-b4ed-2924e016ef49,ocd-division/country:us/state:oh/place:columbus/ward:53,oh,Columbus OH ward 53
d5f52dc8-80ba-56aa-a5e7-c08977f4ef0c,ocd-division/country:us/state:oh/place:columbus/ward:54,oh,Columbus OH ward 54
8f488fcc-3cbf-51e6-806b-6e9c34157479,ocd-division/country:us/state:oh/place:columbus/ward:55,oh,Columbus OH ward 55
04e09322-ca1f-5010-bce8-6fffd4528c69,ocd-division/country:us/state:oh/place:columbus/ward:56,oh,Columbus OH ward 56
2b4858c8-046c-5f07-88a4-5c4d9984bd7e,ocd-division/country:us/state:oh/place:columbus/ward:57,oh,Columbus OH ward 57
db477620-46f6-511f-a3ec-80937e23abf9,ocd-division/country:us/state:oh/place:columbus/ward:58,oh,Columbus OH ward 58
d13dca0a-1a37-5278-bed3-ea2593141405,ocd-division/country:us/state:oh/place:columbus/ward:59,oh,Columbus OH ward 59
37a1723f-b156-57bd-9fab-a84b009166a8,ocd-division/country:us/state:oh/place:columbus/ward:6,oh,Columbus OH ward 6
451cae5e-cf68-538d-8acd-5231a2a7af29,ocd-division/country:us/state:oh/place:columbus/ward:60,oh,Columbus OH ward 60
4d927482-31f3-5991-b6fd-076529bf2e32,ocd-division/country:us/state:oh/place:columbus/ward:61,oh,Columbus OH ward 61
27c0ca7a-2a5c-519f-8330-ff28cb6d4f8f,ocd-division/country:us/state:oh/place:columbus/ward:62,oh,Columbus OH ward 62
a8811e0f-1762-5ef2-9c1b-6818141aa325,ocd-division/country:us/state:oh/place:columbus/ward:63,oh,Columbus OH ward 63
2a3b6e50-4f65-524b-a551-baee4e25a0ec,ocd-division/country:us/state:oh/place:columbus/ward:64,oh,Columbus OH ward 64
181568dd-5eff-5ca8-8fb7-577513280b5f,ocd-division/country:us/state:oh/place:columbus/ward:65,oh,Columbus OH ward 65
30a84663-1e61-5fd7-bba7-9c5274c91631,ocd-division/country:us/state:oh/place:columbus/ward:66,oh,Columbus OH ward 66
568807b0-5b4a-5dcd-8169-27a31edb83e3,ocd-division/country:us/state:oh/place:columbus/ward:67,oh,Columbus OH ward 67
23c12c5e-9129-5b1b-ba67-8ad8fd02c249,ocd-division/country:us/state:oh/place:columbus/ward:68,oh,Columbus OH ward 68
efc0ff85-6a1f-5d04-8981-2e48c03bdace,ocd-division/country:us/state:oh/place:columbus/ward:69,oh,Columbus OH ward 69
e337fc14-9e80-57e3-9235-8bba61b8c378,ocd-division/country:us/state:oh/place:columbus/ward:7,oh,Columbus OH ward 7
d42659a8-a809-5e32-a84c-d9de1b2b310c,ocd-division/country:us/state:oh/place:columbus/ward:70,oh,Columbus OH ward 70
a8f6097d-f510-5ecd-b902-ab6a20085ec0,ocd-division/country:us/state:oh/place:columbus/ward:71,oh,Columbus OH ward 71
db4e7f7c-787b-530a-b94f-be99897c1bbe,ocd-division/country:us/state:oh/place:columbus/ward:72,oh,Columbus OH ward 72
8028a187-d522-5522-856d-bbf8b242d230,ocd-division/country:us/state:oh/place:columbus/ward:73,oh,Columbus OH ward 73
3d5a38e1-77f0-59ec-9791-1f00a2046d0b,ocd-division/country:us/state:oh/place:columbus/ward:74,oh,Columbus OH ward 74
5f3ef2e4-87df-5f85-8876-7b5c5b0ed52b,ocd-division/country:us/state:oh/place:columbus/ward:75,oh,Columbus OH ward 75
aa6576dd-b01d-596c-9c23-ce5e8c30f3b8,ocd-division/country:us/state:oh/place:columbus/ward:76,oh,Columbus OH ward 76
8aa355a4-afe5-5e86-af27-5c4707f81d59,ocd-division/country:us/state:oh/place:columbus/ward:77,oh,Columbus OH ward 77
9ff18c21-caf7-5044-9cbe-9cb9a7465cc9,ocd-division/country:us/state:oh/place:columbus/ward:78,oh,Columbus OH ward 78
9e24d77b-91d5-5c50-8220-e34d1a952523,ocd-division/country:us/state:oh/place:columbus/ward:79,oh,Columbus OH ward 79
e8be502f-6e5e-5986-b913-49a25293eecf,ocd-division/country:us/state:oh/place:columbus/ward:8,oh,Columbus OH ward 8
79d405e6-791b-5c46-92e9-5bc61fbf0996,ocd-division/country:us/state:oh/place:columbus/ward:80,oh,Columbus OH ward 80
3ef44b7b-4421-565c-bb36-853f1c1881d0,ocd-division/country:us/state:oh/place:columbus/ward:81,oh,Columbus OH ward 81
11d8bfa5-f4dc-5078-b6e2-13d4834303bc,ocd-division/country:us/state:oh/place:columbus/ward:9,oh,Columbus OH ward 9
95f0ebd6-3160-5756-9468-65a301fee543,ocd-division/country:us/state:oh/place:toledo/council_district:1,oh,Toledo OH City Council district 1
aeb62fe2-285d-5932-8f44-6e1de3de2eed,ocd-division/country:us/state:oh/place:toledo/council_district:2,oh,Toledo OH City Council district 2
47dcee8b-76d1-5724-ab8c-ab88856c8e14,ocd-division/country:us/state:oh/place:toledo/council_district:3,oh,Toledo OH City Council district 3
1bd8c106-f6cd-59bb-bcb6-5e523c51c27f,ocd-division/country:us/state:oh/place:toledo/council_district:4,oh,Toledo OH City Council district 4
464b881f-fc1d-5229-9a62-654947bba6a6,ocd-division/country:us/state:oh/place:toledo/council_district:5,oh,Toledo OH City Council district 5
01db9965-9281-5985-b9ea-293ab9e53ff9,ocd-division/country:us/state:oh/place:toledo/council_district:6,oh,Toledo OH City Council district 6
ba79f738-fec1-5a69-b10e-e4de68f658c9,ocd-division/country:us/state:tx/board_of_education:1,tx,Texas State Board of Education District 1
62d7ba2c-d092-58e4-a355-584b5ad83131,ocd-division/country:us/state:tx/board_of_education:10,tx,Texas State Board of Education District 10
86bfbf18-abe1-5fec-be3f-55bb2fc6663b,ocd-division/country:us/state:tx/board_of_education:11,tx,Texas State Board of Education District 11
fb027aba-dc51-59ee-9197-fb19ef64488b,ocd-division/country:us/state:tx/board_of_education:12,tx,Texas State Board of Education District 12
3fad338e-0b6b-5f4d-a959-7609711b2ec4,ocd-division/country:us/state:tx/board_of_education:13,tx,Texas State Board of Education District 13
22d1a653-aaed-5960-908b-31f6d52e76e3,ocd-division/country:us/state:tx/board_of_education:14,tx,Texas State Board of Education District 14
6d0e59c6-3bcf-5374-bc79-81fc167c8085,ocd-division/country:us/state:tx/board_of_education:15,tx,Texas State Board of Education District 15
94c85969-4a95-5fee-8625-fe0905c05052,ocd-division/country:us/state:tx/board_of_education:2,tx,Texas State Board of Education District 2
a13f5cb7-e18a-531e-a8fa-7a24dbd22b97,ocd-division/country:us/state:tx/board_of_education:3,tx,Texas State Board of Education District 3
da8cd8c2-502b-5fde-a05f-0d93b555d0ec,ocd-division/country:us/state:tx/board_of_education:4,tx,Texas State Board of Education District 4
ef6910e1-4bd8-5697-b6da-04f8c8ecc262,ocd-division/country:us/state:tx/board_of_education:5,tx,Texas State Board of Education District 5
bbbaf104-71d0-54b8-8c7e-3ec28c98751f,ocd-division/country:us/state:tx/board_of_education:6,tx,Texas State Board of Education District 6
94293126-0c14-5206-bcc1-7b69f8424742,ocd-division/country:us/state:tx/board_of_education:7,tx,Texas State Board of Education District 7
a465102e-7a93-502f-b374-3dbe45d1942e,ocd-division/country:us/state:tx/board_of_education:8,tx,Texas State Board of Education District 8
590c93b8-48bc-5d72-85ff-9642bb91f373,ocd-division/country:us/state:tx/board_of_education:9,tx,Texas State Board of Education District 9
74d1180c-e45d-576a-96b1-e0e8a0aa1d42,ocd-division/country:us/state:tx/county:anderson/council_district:1,tx,Anderson County Commissioner Precinct 1
7d9ce755-2740-56a5-85ce-4cf273f0dd30,ocd-division/country:us/state:tx/county:anderson/council_district:2,tx,Anderson County Commissioner Precinct 2
6c155352-148d-5a48-a655-a9aa5637af1c,ocd-division/country:us/state:tx/county:anderson/council_district:3,tx,Anderson County Commissioner Precinct 3
43c7c5bf-1b26-5dd8-86b3-d38a2567bf97,ocd-division/country:us/state:tx/county:anderson/council_district:4,tx,Anderson County Commissioner Precinct 4
1c598e5c-f1db-5673-8077-4a6108564a86,ocd-division/country:us/state:tx/county:andrews/council_district:1,tx,Andrews County Commissioner Precinct 1
3130592a-d2d7-55e8-b48d-5c2ea49a4ed6,ocd-division/country:us/state:tx/county:andrews/council_district:2,tx,Andrews County Commissioner Precinct 2
10e8d4ed-f966-5a8e-9365-30db8ea80267,ocd-division/country:us/state:tx/county:andrews/council_district:3,tx,Andrews County Commissioner Precinct 3
97a41104-b311-5df3-9165-0423be21cda9,ocd-division/country:us/state:tx/county:andrews/council_district:4,tx,Andrews County Commissioner Precinct 4
eda7cfe0-ee3c-5171-9cc9-20726dd1293b,ocd-division/country:us/state:tx/county:angelina/council_district:1,tx,Angelina County Commissioner Precinct 1
3f06d8c5-debb-5586-9d4c-2adca00b65eb,ocd-division/country:us/state:tx/county:angelina/council_district:2,tx,Angelina County Commissioner Precinct 2
abcc99af-7540-59fe-bdec-87b137e34f4d,ocd-division/country:us/state:tx/county:angelina/council_district:3,tx,Angelina County Commissioner Precinct 3
0d562ec1-6f30-5203-beaa-8f8f7d3e6ede,ocd-division/country:us/state:tx/county:angelina/council_district:4,tx,Angelina County Commissioner Precinct 4
56a50853-662e-5779-8ea4-4e3c24a02aca,ocd-division/country:us/state:tx/county:aransas/council_district:1,tx,Aransas County Commissioner Precinct 1
e8915292-9957-54cc-b397-4855c4ca0181,ocd-division/country:us/state:tx/county:aransas/council_district:2,tx,Aransas County Commissioner Precinct 2
db0168ac-784d-5a2d-97ea-fa6d4605ba87,ocd-division/country:us/state:tx/county:aransas/council_district:3,tx,Aransas County Commissioner Precinct 3
81f5cd88-6d80-5d4c-a217-e2fa6dc3c60c,ocd-division/country:us/state:tx/county:aransas/council_district:4,tx,Aransas County Commissioner Precinct 4
3965b3d7-f6a9-577b-896f-19b976105bae,ocd-division/country:us/state:tx/county:archer/council_district:1,tx,Archer County Commissioner Precinct 1
641993c9-d4e5-5c6b-9905-fc087aaa5839,ocd-division/country:us/state:tx/county:archer/council_district:2,tx,Archer County Commissioner Precinct 2
622a7667-d9a3-5c35-8f06-11c8a17747e9,ocd-division/country:us/state:tx/county:archer/council_district:3,tx,Archer County Commissioner Precinct 3
0c24e101-e61c-5e7d-8562-f709362367fb,ocd-division/country:us/state:tx/county:archer/council_district:4,tx,Archer County Commissioner Precinct 4
5a9bc048-1ea7-5cdb-9935-812f8ce798fd,ocd-division/country:us/state:tx/county:armstrong/council_district:1,tx,Armstrong County Commissioner Precinct 1
e37a589a-f29e-56d5-b323-2bbc09102c55,ocd-division/country:us/state:tx/county:armstrong/council_district:2,tx,Armstrong County Commissioner Precinct 2
683e3228-fe15-5bac-a591-fd83aa3f4573,ocd-division/country:us/state:tx/county:armstrong/council_district:3,tx,Armstrong County Commissioner Precinct 3
3dd558cb-4e41-5557-8529-a94a2b157f72,ocd-division/country:us/state:tx/county:armstrong/council_district:4,tx,Armstrong County Commissioner Precinct 4
08ed4bc3-5e07-5fec-9bce-6825dc1d8cb5,ocd-division/country:us/state:tx/county:atascosa/council_district:1,tx,Atascosa County Commissioner Precinct 1
25bfc1e2-5653-5823-9baf-a211b7283ac6,ocd-division/country:us/state:tx/county:atascosa/council_district:2,tx,Atascosa County Commissioner Precinct 2
d6ac7459-355e-5be1-814a-39cd51ea7dfb,ocd-division/country:us/state:tx/county:atascosa/council_district:3,tx,Atascosa County Commissioner Precinct 3
d4cf7b20-4138-5f03-8a3b-f3ae05930e6a,ocd-division/country:us/state:tx/county:atascosa/council_district:4,tx,Atascosa County Commissioner Precinct 4
dd321d17-5236-5951-88f9-326c39c671e8,ocd-division/country:us/state:tx/county:austin/council_district:1,tx,Austin County Commissioner Precinct 1
b0acc57b-5c15-5133-8fd2-f07cb88a7e96,ocd-division/country:us/state:tx/county:austin/council_district:2,tx,Austin County Commissioner Precinct 2
53493b59-fa62-5cf3-9fb9-eb3ab5dcf75e,ocd-division/country:us/state:tx/county:austin/council_district:3,tx,Austin County Commissioner Precinct 3
d2d76a54-1bf2-58c5-b1dc-1491a9564cd1,ocd-division/country:us/state:tx/county:austin/council_district:4,tx,Austin County Commissioner Precinct 4
e5b88284-2a58-5cb8-ab5d-1b8a5a738733,ocd-division/country:us/state:tx/county:bailey/council_district:1,tx,Bailey County Commissioner Precinct 1
21c5973c-67df-533f-b186-683aca6fc0b1,ocd-division/country:us/state:tx/county:bailey/council_district:2,tx,Bailey County Commissioner Precinct 2
26691115-6b80-52b6-8b3c-0e399c89f51d,ocd-division/country:us/state:tx/county:bailey/council_district:3,tx,Bailey County Commissioner Precinct 3
61b7fb6a-a89f-5ae3-8244-15973465dee5,ocd-division/country:us/state:tx/county:bailey/council_district:4,tx,Bailey County Commissioner Precinct 4
bb582529-f9e5-5397-b2b3-a0f724a2debc,ocd-division/country:us/state:tx/county:bandera/council_district:1,tx,Bandera County Commissioner Precinct 1
dd9ec001-974a-5bbf-ad0a-2fb72a308bda,ocd-division/country:us/state:tx/county:bandera/council_district:2,tx,Bandera County Commissioner Precinct 2
1699b2f5-5cb2-5a7d-9c05-0d82499ef060,ocd-division/country:us/state:tx/county:bandera/council_district:3,tx,Bandera County Commissioner Precinct 3
dfe32db7-0d00-5319-8237-7162030ea7a3,ocd-division/country:us/state:tx/county:bandera/council_district:4,tx,Bandera County Commissioner Precinct 4
ed7d0446-7ace-570f-9dbe-24c705492f51,ocd-division/country:us/state:tx/county:bastrop/council_district:1,tx,Bastrop County Commissioner Precinct 1
ff6de8f7-0213-5a88-8c2b-6436d841ddc8,ocd-division/country:us/state:tx/county:bastrop/council_district:2,tx,Bastrop County Commissioner Precinct 2
5a4a554c-7596-5753-a3d0-c94aa4c9cec8,ocd-division/country:us/state:tx/county:bastrop/council_district:3,tx,Bastrop County Commissioner Precinct 3
d5dfb554-c80d-5cc3-9eef-6f38e6924232,ocd-division/country:us/state:tx/county:bastrop/council_district:4,tx,Bastrop County Commissioner Precinct 4
454ec89d-ff10-5cdd-a3d3-a9e5a8842526,ocd-division/country:us/state:tx/county:baylor/council_district:1,tx,Baylor County Commissioner Precinct 1
44f7bdaa-0685-5c2e-b9f7-25873fafb60f,ocd-division/country:us/state:tx/county:baylor/council_district:2,tx,Baylor County Commissioner Precinct 2
751a6b36-22da-5b30-8b95-7846632ee784,ocd-division/country:us/state:tx/county:baylor/council_district:3,tx,Baylor County Commissioner Precinct 3
bbc2f8b0-aca5-5bd9-bc39-8e19dd2f67eb,ocd-division/country:us/state:tx/county:baylor/council_district:4,tx,Baylor County Commissioner Precinct 4
0536a5e1-36cb-51fa-a3a0-59d63fbf7ff1,ocd-division/country:us/state:tx/county:bee/council_district:1,tx,Bee County Commissioner Precinct 1
eab09a62-15e2-5208-844b-1fff1d4db72f,ocd-division/country:us/state:tx/county:bee/council_district:2,tx,Bee County Commissioner Precinct 2
1b4aaebf-f46e-5095-a430-94d97ba5e9b1,ocd-division/country:us/state:tx/county:bee/council_district:3,tx,Bee County Commissioner Precinct 3
5bc96fd9-c1fc-53e7-b265-f0bdf71c6e63,ocd-division/country:us/state:tx/county:bee/council_district:4,tx,Bee County Commissioner Precinct 4
3bd8ad94-06bb-540f-ad54-bc0fec250f21,ocd-division/country:us/state:tx/county:bell/council_district:1,tx,Bell County TX Commissioners Court District 1
8e00aa44-b748-5644-b11a-4de0b00be835,ocd-division/country:us/state:tx/county:bell/council_district:2,tx,Bell County TX Commissioners Court District 2
4fc9fad4-ce13-59bd-bfad-71ea005e3333,ocd-division/country:us/state:tx/county:bell/council_district:3,tx,Bell County TX Commissioners Court District 3
ef3a3a54-d421-5df6-b26d-18652424e0ff,ocd-division/country:us/state:tx/county:bell/council_district:4,tx,Bell County TX Commissioners Court District 4
1c5d0379-252e-5cab-8e2c-44e4d787f6f5,ocd-division/country:us/state:tx/county:bexar/council_district:1,tx,Bexar County TX Commissioners Court District 1
c8915ee3-4327-5e76-ae43-2e918c2e3ab7,ocd-division/country:us/state:tx/county:bexar/council_district:2,tx,Bexar County TX Commissioners Court District 2
956b416f-5863-5332-9d81-2019b875aa81,ocd-division/country:us/state:tx/county:bexar/council_district:3,tx,Bexar County TX Commissioners Court District 3
66ed52d9-9a57-59f6-9ad0-b43787ed1f4d,ocd-division/country:us/state:tx/county:bexar/council_district:4,tx,Bexar County TX Commissioners Court District 4
c8fed3f3-c875-5901-993b-f51e17f090ca,ocd-division/country:us/state:tx/county:blanco/council_district:1,tx,Blanco County Commissioner Precinct 1
fc459227-6cd5-5ea3-a6c1-f14c77260372,ocd-division/country:us/state:tx/county:blanco/council_district:2,tx,Blanco County Commissioner Precinct 2
8e8003c6-b351-5a16-a0ce-75c1b32ab2bd,ocd-division/country:us/state:tx/county:blanco/council_district:3,tx,Blanco County Commissioner Precinct 3
14e1b1a5-6951-54c9-90d7-1cd070e7d194,ocd-division/country:us/state:tx/county:blanco/council_district:4,tx,Blanco County Commissioner Precinct 4
7e237835-ce8f-54c7-9b3b-cf33c87810b1,ocd-division/country:us/state:tx/county:borden/council_district:1,tx,Borden County Commissioner Precinct 1
0c8b1c54-4b13-5c85-909d-3fd3e82f4ea3,ocd-division/country:us/state:tx/county:borden/council_district:2,tx,Borden County Commissioner Precinct 2
2d86a4fe-e4fc-5313-8782-649d6b9bebe1,ocd-division/country:us/state:tx/county:borden/council_district:3,tx,Borden County Commissioner Precinct 3
2ad729ae-f793-58b7-8696-98f21664584f,ocd-division/country:us/state:tx/county:borden/council_district:4,tx,Borden County Commissioner Precinct 4
c2d02fe0-5cd5-526c-9cf6-a1804bb05c3a,ocd-division/country:us/state:tx/county:bosque/council_district:1,tx,Bosque County Commissioner Precinct 1
0a1be33e-4e8b-5d9f-b31e-f0b71894d2cc,ocd-division/country:us/state:tx/county:bosque/council_district:2,tx,Bosque County Commissioner Precinct 2
8b2c91af-52cf-5f8f-9034-5ce5dd2c020f,ocd-division/country:us/state:tx/county:bosque/council_district:3,tx,Bosque County Commissioner Precinct 3
4329fbb4-5db8-5862-9a86-4445dbb6134c,ocd-division/country:us/state:tx/county:bosque/council_district:4,tx,Bosque County Commissioner Precinct 4
17da9776-2aca-5cb0-bc78-64619d5e91ba,ocd-division/country:us/state:tx/county:bowie/council_district:1,tx,Bowie County Commissioner Precinct 1
61dd0c9c-c6b9-51a9-9e34-c21573dff708,ocd-division/country:us/state:tx/county:bowie/council_district:2,tx,Bowie County Commissioner Precinct 2
a6ee0f17-9977-5fe2-8656-bef1b8b1b4a0,ocd-division/country:us/state:tx/county:bowie/council_district:3,tx,Bowie County Commissioner Precinct 3
efbdd550-53ad-5f0e-aa77-a2fdbc04f10e,ocd-division/country:us/state:tx/county:bowie/council_district:4,tx,Bowie County Commissioner Precinct 4
852f7833-2ce7-5ca8-a5b6-1be554e1110b,ocd-division/country:us/state:tx/county:brazoria/council_district:1,tx,Brazoria County TX Commissioners Court District 1
33b0b3ce-4208-5255-b177-62b77a6d0213,ocd-division/country:us/state:tx/county:brazoria/council_district:2,tx,Brazoria County TX Commissioners Court District 2
75a3c53e-101a-5f72-b987-9bca158478c5,ocd-division/country:us/state:tx/county:brazoria/council_district:3,tx,Brazoria County TX Commissioners Court District 3
41a4fee9-c95c-5fbe-9d20-4f006f1b51b6,ocd-division/country:us/state:tx/county:brazoria/council_district:4,tx,Brazoria County TX Commissioners Court District 4
b94d0f8f-a95f-55b4-8684-94f398358c67,ocd-division/country:us/state:tx/county:brazos/council_district:1,tx,Brazos County Commissioner Precinct 1
4302acb8-ff40-5860-adb3-2fc717b6f5e8,ocd-division/country:us/state:tx/county:brazos/council_district:2,tx,Brazos County Commissioner Precinct 2
d0f422d4-8e55-5381-a031-61519e5031ea,ocd-division/country:us/state:tx/county:brazos/council_district:3,tx,Brazos County Commissioner Precinct 3
1b9ed22c-8583-51ce-9943-daec6a8cf42c,ocd-division/country:us/state:tx/county:brazos/council_district:4,tx,Brazos County Commissioner Precinct 4
9783eebe-05a1-5108-b92f-11af6e8c1775,ocd-division/country:us/state:tx/county:brewster/council_district:1,tx,Brewster County Commissioner Precinct 1
fbc6646c-10be-58c2-b6a0-e3325a28c20c,ocd-division/country:us/state:tx/county:brewster/council_district:2,tx,Brewster County Commissioner Precinct 2
2a96f621-8dff-5c3f-9799-c9b968b306c2,ocd-division/country:us/state:tx/county:brewster/council_district:3,tx,Brewster County Commissioner Precinct 3
a76a815b-651e-516c-943f-69c77aa4c361,ocd-division/country:us/state:tx/county:brewster/council_district:4,tx,Brewster County Commissioner Precinct 4
e4d0cacb-6ada-5f0d-bc29-96d1a482ccad,ocd-division/country:us/state:tx/county:briscoe/council_district:1,tx,Briscoe County Commissioner Precinct 1
703e7b2e-2eaf-578b-a967-4f54194cfe6d,ocd-division/country:us/state:tx/county:briscoe/council_district:2,tx,Briscoe County Commissioner Precinct 2
9f421b5c-42a1-5fb2-8824-1d4be22653d2,ocd-division/country:us/state:tx/county:briscoe/council_district:3,tx,Briscoe County Commissioner Precinct 3
cda8889f-631b-5242-a77b-7b0ee904de43,ocd-division/country:us/state:tx/county:briscoe/council_district:4,tx,Briscoe County Commissioner Precinct 4
453d8ce8-31ff-5330-8520-0d2d6550e2a1,ocd-division/country:us/state:tx/county:brooks/council_district:1,tx,Brooks County Commissioner Precinct 1
a3ba5fd7-9ae7-5a9a-8a26-70939b1d857b,ocd-division/country:us/state:tx/county:brooks/council_district:2,tx,Brooks County Commissioner Precinct 2
7c8dbfb7-af15-58d1-be83-62ed3955354d,ocd-division/country:us/state:tx/county:brooks/council_district:3,tx,Brooks County Commissioner Precinct 3
69e31ac9-dc05-5641-ace0-656c72e0275b,ocd-division/country:us/state:tx/county:brooks/council_district:4,tx,Brooks County Commissioner Precinct 4
3292e5eb-ea86-5568-b521-40133e488389,ocd-division/country:us/state:tx/county:brown/council_district:1,tx,Brown County Commissioner Precinct 1
d9a723e8-8a54-5944-a29f-ab3364552f99,ocd-division/country:us/state:tx/county:brown/council_district:2,tx,Brown County Commissioner Precinct 2
aafc9ea3-368d-539c-94ac-f5a28d1c5a2b,ocd-division/country:us/state:tx/county:brown/council_district:3,tx,Brown County Commissioner Precinct 3
f274ee8e-2151-5c77-95c1-a1698aa44c55,ocd-division/country:us/state:tx/county:brown/council_district:4,tx,Brown County Commissioner Precinct 4
8151c0c8-9c22-5a90-8c9a-fe31acb71217,ocd-division/country:us/state:tx/county:burleson/council_district:1,tx,Burleson County Commissioner Precinct 1
1d81ad97-25a8-5f2b-98de-871e6b8ebb34,ocd-division/country:us/state:tx/county:burleson/council_district:2,tx,Burleson County Commissioner Precinct 2
9b077ce3-535c-5f5b-a073-011acae9de16,ocd-division/country:us/state:tx/county:burleson/council_district:3,tx,Burleson County Commissioner Precinct 3
fd7ff3a9-2d0f-5809-992e-fb5f23897bd2,ocd-division/country:us/state:tx/county:burleson/council_district:4,tx,Burleson County Commissioner Precinct 4
4cc0c0a8-05b0-5cba-a195-c60d9a9d3525,ocd-division/country:us/state:tx/county:burnet/council_district:1,tx,Burnet County Commissioner Precinct 1
6196ef9b-ee18-50d9-a4ee-648ca31bb8b6,ocd-division/country:us/state:tx/county:burnet/council_district:2,tx,Burnet County Commissioner Precinct 2
f1ca7036-63fd-52ba-a0d4-5583d96cd5e7,ocd-division/country:us/state:tx/county:burnet/council_district:3,tx,Burnet County Commissioner Precinct 3
95226064-5b38-55af-80bf-c25521ec1875,ocd-division/country:us/state:tx/county:burnet/council_district:4,tx,Burnet County Commissioner Precinct 4
a5258ec2-e592-51c1-b8e8-88a3b11312bb,ocd-division/country:us/state:tx/county:caldwell/council_district:1,tx,Caldwell County Commissioner Precinct 1
61c41773-e028-55bc-902c-b596091c9110,ocd-division/country:us/state:tx/county:caldwell/council_district:2,tx,Caldwell County Commissioner Precinct 2
a95bb66d-91db-535e-9978-9ba1a4207ec3,ocd-division/country:us/state:tx/county:caldwell/council_district:3,tx,Caldwell County Commissioner Precinct 3
175759da-0a73-5980-a284-a5b71868b7b7,ocd-division/country:us/state:tx/county:caldwell/council_district:4,tx,Caldwell County Commissioner Precinct 4
8b0ea7c8-131a-5e26-ab20-4030e769007e,ocd-division/country:us/state:tx/county:calhoun/council_district:1,tx,Calhoun County Commissioner Precinct 1
8513d4df-666a-5a6e-9b9b-5fe970ef621c,ocd-division/country:us/state:tx/county:calhoun/council_district:2,tx,Calhoun County Commissioner Precinct 2
2873ccf0-6216-50e8-accd-a58e40320649,ocd-division/country:us/state:tx/county:calhoun/council_district:3,tx,Calhoun County Commissioner Precinct 3
054700ca-dca4-5321-9594-0d6507061cf6,ocd-division/country:us/state:tx/county:calhoun/council_district:4,tx,Calhoun County Commissioner Precinct 4
bafb8108-f289-59b6-a2fa-a05ce09f84e8,ocd-division/country:us/state:tx/county:callahan/council_district:1,tx,Callahan County Commissioner Precinct 1
5ff43e1a-3fde-5d35-8647-bb26109c756c,ocd-division/country:us/state:tx/county:callahan/council_district:2,tx,Callahan County Commissioner Precinct 2
c44e9c00-a3f4-539f-b27c-2b457b60636c,ocd-division/country:us/state:tx/county:callahan/council_district:3,tx,Callahan County Commissioner Precinct 3
cf2c37c0-3b8d-54ba-a82c-0d179852441f,ocd-division/country:us/state:tx/county:callahan/council_district:4,tx,Callahan County Commissioner Precinct 4
1fa9a03f-0401-5577-92d0-5bfcac6a6f94,ocd-division/country:us/state:tx/county:cameron/council_district:1,tx,Cameron County TX Commissioners Court District 1
4b67a935-cd08-59ae-86ab-9aa5b0da7354,ocd-division/country:us/state:tx/county:cameron/council_district:2,tx,Cameron County TX Commissioners Court District 2
f66f9bb9-8aca-591c-99fa-de3dc0c53507,ocd-division/country:us/state:tx/county:cameron/council_district:3,tx,Cameron County TX Commissioners Court District 3
f6a9f72c-1a3b-52ca-b210-2d2f715d7b01,ocd-division/country:us/state:tx/county:cameron/council_district:4,tx,Cameron County TX Commissioners Court District 4
f9efee84-6323-5674-847c-5cbeb4418957,ocd-division/country:us/state:tx/county:camp/council_district:1,tx,Camp County Commissioner Precinct 1
33e7d461-c584-570a-81c8-852386061248,ocd-division/country:us/state:tx/county:camp/council_district:2,tx,Camp County Commissioner Precinct 2
2492069b-6878-5a8c-bb93-07ec892fc8d6,ocd-division/country:us/state:tx/county:camp/council_district:3,tx,Camp County Commissioner Precinct 3
ffee7771-2f9f-59f4-a041-63db99fca75b,ocd-division/country:us/state:tx/county:camp/council_district:4,tx,Camp County Commissioner Precinct 4
2f02c7e7-4e71-54fa-b143-2fd3faf1837e,ocd-division/country:us/state:tx/county:carson/council_district:1,tx,Carson County Commissioner Precinct 1
bc7e3fd4-201a-5273-9545-e7e21c20c2d4,ocd-division/country:us/state:tx/county:carson/council_district:2,tx,Carson County Commissioner Precinct 2
123ddd60-db52-5830-92e0-52095625c877,ocd-division/country:us/state:tx/county:carson/council_district:3,tx,Carson County Commissioner Precinct 3
4e19b9b3-48c7-53b9-9174-89bd79a87f0e,ocd-division/country:us/state:tx/county:carson/council_district:4,tx,Carson County Commissioner Precinct 4
93eae46a-f4f2-5118-9690-e5470c1197d0,ocd-division/country:us/state:tx/county:cass/council_district:1,tx,Cass County Commissioner Precinct 1
e0a99270-2199-5e48-8eaa-6286247c3ae6,ocd-division/country:us/state:tx/county:cass/council_district:2,tx,Cass County Commissioner Precinct 2
017e9359-7a60-53f9-874b-be164dae757a,ocd-division/country:us/state:tx/county:cass/council_district:3,tx,Cass County Commissioner Precinct 3
bda4d36a-c1ee-5d47-8266-4c11439999bc,ocd-division/country:us/state:tx/county:cass/council_district:4,tx,Cass County Commissioner Precinct 4
10666d68-38a1-5d2d-889d-643d458fc087,ocd-division/country:us/state:tx/county:castro/council_district:1,tx,Castro County Commissioner Precinct 1
289df840-8814-520b-9fa1-9543ea7ea4ca,ocd-division/country:us/state:tx/county:castro/council_district:2,tx,Castro County Commissioner Precinct 2
5294b873-935e-5c1f-94f6-8581df4bbfdb,ocd-division/country:us/state:tx/county:castro/council_district:3,tx,Castro County Commissioner Precinct 3
27506189-a14f-57b1-beb5-e4762f747faf,ocd-division/country:us/state:tx/county:castro/council_district:4,tx,Castro County Commissioner Precinct 4
d0422a77-74d0-5a0c-95a3-7be1d08db380,ocd-division/country:us/state:tx/county:chambers/council_district:1,tx,Chambers County Commissioner Precinct 1
19ccf404-0baa-5e82-9891-1957d7e2437d,ocd-division/country:us/state:tx/county:chambers/council_district:2,tx,Chambers County Commissioner Precinct 2
a0f9567d-6e30-56b7-a9a2-0135593b9643,ocd-division/country:us/state:tx/county:chambers/council_district:3,tx,Chambers County Commissioner Precinct 3
67c09043-9a81-5d50-a3a5-61483c658b1e,ocd-division/country:us/state:tx/county:chambers/council_district:4,tx,Chambers County Commissioner Precinct 4
c2db523b-2e86-5c2d-9c18-23dd92d94b88,ocd-division/country:us/state:tx/county:cherokee/council_district:1,tx,Cherokee County Commissioner Precinct 1
0373033a-900c-599b-8f1e-52298e646011,ocd-division/country:us/state:tx/county:cherokee/council_district:2,tx,Cherokee County Commissioner Precinct 2
7117f4a5-a009-592d-99d5-538e45f43d06,ocd-division/country:us/state:tx/county:cherokee/council_district:3,tx,Cherokee County Commissioner Precinct 3
505038bb-25ce-5f70-b389-cf6fdc8ab6f5,ocd-division/country:us/state:tx/county:cherokee/council_district:4,tx,Cherokee County Commissioner Precinct 4
a684ab33-ceab-54c2-97df-9d70479794ba,ocd-division/country:us/state:tx/county:childress/council_district:1,tx,Childress County Commissioner Precinct 1
8401d8a2-0fd4-5d38-aaec-4a63ebf3299d,ocd-division/country:us/state:tx/county:childress/council_district:2,tx,Childress County Commissioner Precinct 2
70d4abe9-e640-567b-8c81-767223a8bdc9,ocd-division/country:us/state:tx/county:childress/council_district:3,tx,Childress County Commissioner Precinct 3
9714e13b-d7a0-51a9-8b0f-57ff65fafaea,ocd-division/country:us/state:tx/county:childress/council_district:4,tx,Childress County Commissioner Precinct 4
4b94b0d3-090d-5a7e-9799-353f469739c4,ocd-division/country:us/state:tx/county:clay/council_district:1,tx,Clay County Commissioner Precinct 1
16305fd8-7e50-5f6b-b949-f5864a824066,ocd-division/country:us/state:tx/county:clay/council_district:2,tx,Clay County Commissioner Precinct 2
8cee2e2f-1a3d-5707-8193-7adbbac09ef1,ocd-division/country:us/state:tx/county:clay/council_district:3,tx,Clay County Commissioner Precinct 3
97cfc1c8-11d9-5fdd-9eb0-a8fe5ebf0590,ocd-division/country:us/state:tx/county:clay/council_district:4,tx,Clay County Commissioner Precinct 4
cfcef7d9-c431-5389-9c38-ceac7b56135e,ocd-division/country:us/state:tx/county:cochran/council_district:1,tx,Cochran County Commissioner Precinct 1
a8317bdd-ef80-5529-9629-07788c753a8e,ocd-division/country:us/state:tx/county:cochran/council_district:2,tx,Cochran County Commissioner Precinct 2
d2654a10-b133-542c-b4f2-177495337057,ocd-division/country:us/state:tx/county:cochran/council_district:3,tx,Cochran County Commissioner Precinct 3
b9befe18-874d-58b8-8d3f-0dd38d96f9b4,ocd-division/country:us/state:tx/county:cochran/council_district:4,tx,Cochran County Commissioner Precinct 4
95b61eb8-08e8-51e0-ac89-2861a87d3bf1,ocd-division/country:us/state:tx/county:coke/council_district:1,tx,Coke County Commissioner Precinct 1
aa5cf7b2-7a6e-5907-b63b-d3ffff8b7535,ocd-division/country:us/state:tx/county:coke/council_district:2,tx,Coke County Commissioner Precinct 2
0035f573-6fb8-5c74-b892-94dc1fb4edb3,ocd-division/country:us/state:tx/county:coke/council_district:3,tx,Coke County Commissioner Precinct 3
a55e8b53-a68b-5dc3-9c82-0b24cd63c122,ocd-division/country:us/state:tx/county:coke/council_district:4,tx,Coke County Commissioner Precinct 4
f3cf6da0-dfce-56f2-b4db-92dc9696b96e,ocd-division/country:us/state:tx/county:coleman/council_district:1,tx,Coleman County Commissioner Precinct 1
886ccf1c-839b-5fc2-ba24-ef046109ca62,ocd-division/country:us/state:tx/county:coleman/council_district:2,tx,Coleman County Commissioner Precinct 2
9eb3ae4f-f360-57bc-951b-b0a7fd4d998c,ocd-division/country:us/state:tx/county:coleman/council_district:3,tx,Coleman County Commissioner Precinct 3
6fd1c1e2-dd1c-5c3f-8623-50de0e10038f,ocd-division/country:us/state:tx/county:coleman/council_district:4,tx,Coleman County Commissioner Precinct 4
8a11c32b-a73a-5b01-a5d5-c20a3dc51c16,ocd-division/country:us/state:tx/county:collin/council_district:1,tx,Collin County TX Commissioners Court District 1
9a0650bf-fa24-52e0-9f01-4b3b2df973b9,ocd-division/country:us/state:tx/county:collin/council_district:2,tx,Collin County TX Commissioners Court District 2
98213a5b-eb5b-5874-b685-37db012f62c0,ocd-division/country:us/state:tx/county:collin/council_district:3,tx,Collin County TX Commissioners Court District 3
b1fbf922-9049-5103-8c3d-22d15a41fdf5,ocd-division/country:us/state:tx/county:collin/council_district:4,tx,Collin County TX Commissioners Court District 4
7a71d602-4d65-59e1-94e2-d046d8845b0b,ocd-division/country:us/state:tx/county:collingsworth/council_district:1,tx,Collingsworth County Commissioner Precinct 1
fa8cce7a-ad16-5fbe-a17d-c36be2427ea1,ocd-division/country:us/state:tx/county:collingsworth/council_district:2,tx,Collingsworth County Commissioner Precinct 2
684b9d32-cbc5-5e0a-adae-c5eb8ff1756c,ocd-division/country:us/state:tx/county:collingsworth/council_district:3,tx,Collingsworth County Commissioner Precinct 3
8adc2413-5420-54b1-8f7c-c61d0d8f58b6,ocd-division/country:us/state:tx/county:collingsworth/council_district:4,tx,Collingsworth County Commissioner Precinct 4
fab6c716-85bd-5d4d-9987-63af45643fc1,ocd-division/country:us/state:tx/county:colorado/council_district:1,tx,Colorado County Commissioner Precinct 1
ba84ac01-f7cd-5021-ae7b-6656cce04e39,ocd-division/country:us/state:tx/county:colorado/council_district:2,tx,Colorado County Commissioner Precinct 2
7a44846a-bca8-5523-83d2-ee1fa0a3c40a,ocd-division/country:us/state:tx/county:colorado/council_district:3,tx,Colorado County Commissioner Precinct 3
6172d69c-a743-51f9-be60-2bf0f45a591a,ocd-division/country:us/state:tx/county:colorado/council_district:4,tx,Colorado County Commissioner Precinct 4
0a3b56d2-8325-5f10-835f-8ff28f3cc86a,ocd-division/country:us/state:tx/county:comal/council_district:1,tx,Comal County Commissioner Precinct 1
7d56d720-bfab-5ae2-84f1-bc2c851891d0,ocd-division/country:us/state:tx/county:comal/council_district:2,tx,Comal County Commissioner Precinct 2
4b45411f-a874-5314-937b-5ab38debf6f6,ocd-division/country:us/state:tx/county:comal/council_district:3,tx,Comal County Commissioner Precinct 3
bf4eee12-1159-57c3-9d6a-509cf1a89fd9,ocd-division/country:us/state:tx/county:comal/council_district:4,tx,Comal County Commissioner Precinct 4
acff7fb3-a5c3-5776-8d9d-e52cf3eaffa1,ocd-division/country:us/state:tx/county:comanche/council_district:1,tx,Comanche County Commissioner Precinct 1
0b4fdf1d-d63c-5ffa-9a88-5cc70133ba4c,ocd-division/country:us/state:tx/county:comanche/council_district:2,tx,Comanche County Commissioner Precinct 2
29c2a2b7-a89f-5d3f-bc01-977be035f705,ocd-division/country:us/state:tx/county:comanche/council_district:3,tx,Comanche County Commissioner Precinct 3
9dce1a2f-aef6-5492-84bc-bbc0f3a12b6b,ocd-division/country:us/state:tx/county:comanche/council_district:4,tx,Comanche County Commissioner Precinct 4
009ee480-fd4b-5d19-993b-85fb6aa01884,ocd-division/country:us/state:tx/county:concho/council_district:1,tx,Concho County Commissioner Precinct 1
6f5eb63e-dcf4-5321-aa0f-5820c725e392,ocd-division/country:us/state:tx/county:concho/council_district:2,tx,Concho County Commissioner Precinct 2
ab4f2b9a-efde-5c64-a4a1-ccbed103453a,ocd-division/country:us/state:tx/county:concho/council_district:3,tx,Concho County Commissioner Precinct 3
9533ff6c-8c37-54cd-a01a-ae61e0ea0e71,ocd-division/country:us/state:tx/county:concho/council_district:4,tx,Concho County Commissioner Precinct 4
f3a83df2-0e4a-5f5d-91ac-04e12151558e,ocd-division/country:us/state:tx/county:cooke/council_district:1,tx,Cooke County Commissioner Precinct 1
786f83da-56a1-56f7-8344-c1f0bd36ac91,ocd-division/country:us/state:tx/county:cooke/council_district:2,tx,Cooke County Commissioner Precinct 2
7899d0ad-3b26-5b05-b4d3-1a0ef22bc247,ocd-division/country:us/state:tx/county:cooke/council_district:3,tx,Cooke County Commissioner Precinct 3
c76c904c-5d66-5097-aba3-06dddd32e133,ocd-division/country:us/state:tx/county:cooke/council_district:4,tx,Cooke County Commissioner Precinct 4
60be10f3-079d-5c93-bce3-4d6ba732ab18,ocd-division/country:us/state:tx/county:coryell/council_district:1,tx,Coryell County Commissioner Precinct 1
8ab518f5-09a5-5cb7-960c-21ad418505f1,ocd-division/country:us/state:tx/county:coryell/council_district:2,tx,Coryell County Commissioner Precinct 2
1c6bae56-80ac-55b6-9718-debb8f141ca2,ocd-division/country:us/state:tx/county:coryell/council_district:3,tx,Coryell County Commissioner Precinct 3
a4bf8d6b-fe1c-5590-893b-51b57407d7f8,ocd-division/country:us/state:tx/county:coryell/council_district:4,tx,Coryell County Commissioner Precinct 4
b3de536f-d1e6-5c63-a8bc-674405463e3e,ocd-division/country:us/state:tx/county:cottle/council_district:1,tx,Cottle County Commissioner Precinct 1
9d887fe6-7084-5f36-a880-0005048c0815,ocd-division/country:us/state:tx/county:cottle/council_district:2,tx,Cottle County Commissioner Precinct 2
6c7b90c1-125b-5d87-9fc8-4017aa409dac,ocd-division/country:us/state:tx/county:cottle/council_district:3,tx,Cottle County Commissioner Precinct 3
5152f7b7-a2b8-50cc-9279-425dbef14b72,ocd-division/country:us/state:tx/county:cottle/council_district:4,tx,Cottle County Commissioner Precinct 4
9f93ad8a-0f9b-5aa5-8bc8-771bd6957a0c,ocd-division/country:us/state:tx/county:crane/council_district:1,tx,Crane County Commissioner Precinct 1
0666f2af-9d8f-52ca-8115-47253342e8e1,ocd-division/country:us/state:tx/county:crane/council_district:2,tx,Crane County Commissioner Precinct 2
5f6a1f6e-1176-5515-8cc8-79d19a7aeadb,ocd-division/country:us/state:tx/county:crane/council_district:3,tx,Crane County Commissioner Precinct 3
87af79d9-38c2-5baf-94e2-dc34f3ae8229,ocd-division/country:us/state:tx/county:crane/council_district:4,tx,Crane County Commissioner Precinct 4
fb3e866c-3f73-508b-aea9-6d74ad82f493,ocd-division/country:us/state:tx/county:crockett/council_district:1,tx,Crockett County Commissioner Precinct 1
6f827d35-a045-51e8-a546-480baaf91376,ocd-division/country:us/state:tx/county:crockett/council_district:2,tx,Crockett County Commissioner Precinct 2
a46f9941-d941-5610-bc06-b6b229221f39,ocd-division/country:us/state:tx/county:crockett/council_district:3,tx,Crockett County Commissioner Precinct 3
36fb7276-f58e-53d5-80ff-ae3e9259a0c0,ocd-division/country:us/state:tx/county:crockett/council_district:4,tx,Crockett County Commissioner Precinct 4
b0c578e2-88a8-53cc-9639-44b56de70480,ocd-division/country:us/state:tx/county:crosby/council_district:1,tx,Crosby County Commissioner Precinct 1
98a869f5-2901-5c4f-a771-f3d91bcb5959,ocd-division/country:us/state:tx/county:crosby/council_district:2,tx,Crosby County Commissioner Precinct 2
30c90c67-9850-5f2f-829a-4539a37d221b,ocd-division/country:us/state:tx/county:crosby/council_district:3,tx,Crosby County Commissioner Precinct 3
bb9d6ede-8a9d-59b7-858b-8c083b651d92,ocd-division/country:us/state:tx/county:crosby/council_district:4,tx,Crosby County Commissioner Precinct 4
fb4d6311-d0c0-5b9f-ab82-7dbc5ec2160d,ocd-division/country:us/state:tx/county:culberson/council_district:1,tx,Culberson County Commissioner Precinct 1
119d0100-4fb7-5b5a-8adf-47706ac3b633,ocd-division/country:us/state:tx/county:culberson/council_district:2,tx,Culberson County Commissioner Precinct 2
2e575ce8-e327-57f5-9e0b-2099cc91cb00,ocd-division/country:us/state:tx/county:culberson/council_district:3,tx,Culberson County Commissioner Precinct 3
3d987a04-423c-51fa-bfb0-ebd6bd1e610f,ocd-division/country:us/state:tx/county:culberson/council_district:4,tx,Culberson County Commissioner Precinct 4
18934bbe-f55a-5a28-8c7f-37ae162bfa83,ocd-division/country:us/state:tx/county:dallam/council_district:1,tx,Dallam County Commissioner Precinct 1
b1507d77-f515-5e9f-9107-56484476dc85,ocd-division/country:us/state:tx/county:dallam/council_district:2,tx,Dallam County Commissioner Precinct 2
992a0b92-a38c-527e-b0d3-6ac259cf322b,ocd-division/country:us/state:tx/county:dallam/council_district:3,tx,Dallam County Commissioner Precinct 3
214bbd82-e5d6-55a1-b509-7af8ed9b2249,ocd-division/country:us/state:tx/county:dallam/council_district:4,tx,Dallam County Commissioner Precinct 4
fc1998dc-385e-54fa-be21-44f637d7d4a8,ocd-division/country:us/state:tx/county:dallas/council_district:1,tx,Dallas County TX Commissioners Court District 1
b3f0d536-d62e-533a-9333-fbd6277a2ad7,ocd-division/country:us/state:tx/county:dallas/council_district:2,tx,Dallas County TX Commissioners Court District 2
67d45a4c-c2b6-5cca-aa92-e6560f40cdfe,ocd-division/country:us/state:tx/county:dallas/council_district:3,tx,Dallas County TX Commissioners Court District 3
f2ce3f71-b73d-5898-8b92-994af5317a6e,ocd-division/country:us/state:tx/county:dallas/council_district:4,tx,Dallas County TX Commissioners Court District 4
fff7f0b0-a97e-5cb5-aa33-1a03289bc17a,ocd-division/country:us/state:tx/county:dawson/council_district:1,tx,Dawson County Commissioner Precinct 1
d135914e-275f-58a0-8a3f-96cd2834418c,ocd-division/country:us/state:tx/county:dawson/council_district:2,tx,Dawson County Commissioner Precinct 2
816ff8cc-e674-596e-98ab-5d44a96ee9f8,ocd-division/country:us/state:tx/county:dawson/council_district:3,tx,Dawson County Commissioner Precinct 3
6e5c45fe-bceb-5b3b-bfc4-29c11446cfaa,ocd-division/country:us/state:tx/county:dawson/council_district:4,tx,Dawson County Commissioner Precinct 4
9b9af6b9-d560-5eca-953c-6d73f38865c5,ocd-division/country:us/state:tx/county:deaf_smith/council_district:1,tx,Deaf Smith County Commissioner Precinct 1
c69d01f9-8b29-5773-9ae0-4798d8321dbf,ocd-division/country:us/state:tx/county:deaf_smith/council_district:2,tx,Deaf Smith County Commissioner Precinct 2
be00cd36-47b6-5c35-842d-86bab4c1af89,ocd-division/country:us/state:tx/county:deaf_smith/council_district:3,tx,Deaf Smith County Commissioner Precinct 3
dbad3752-ddd3-596f-b7d3-3220790f9e8b,ocd-division/country:us/state:tx/county:deaf_smith/council_district:4,tx,Deaf Smith County Commissioner Precinct 4
9e05069f-f652-5599-a01f-46c6ded4ac19,ocd-division/country:us/state:tx/county:delta/council_district:1,tx,Delta County Commissioner Precinct 1
8d299477-1e71-5a3e-aae6-6da96e69a174,ocd-division/country:us/state:tx/county:delta/council_district:2,tx,Delta County Commissioner Precinct 2
f7ac3aa6-2240-5b4e-b636-fc42aeee7a38,ocd-division/country:us/state:tx/county:delta/council_district:3,tx,Delta County Commissioner Precinct 3
93568a74-7bd9-5442-a77c-75772fa518e2,ocd-division/country:us/state:tx/county:delta/council_district:4,tx,Delta County Commissioner Precinct 4
e66d6c11-6659-5b0d-8087-7daffe39b557,ocd-division/country:us/state:tx/county:denton/council_district:1,tx,Denton County TX Commissioners Court District 1
5b65c573-2fea-51c5-a7d5-f30f92cc3629,ocd-division/country:us/state:tx/county:denton/council_district:2,tx,Denton County TX Commissioners Court District 2
9cdd16ec-e32b-5a8c-ac6f-922d8427ff37,ocd-division/country:us/state:tx/county:denton/council_district:3,tx,Denton County TX Commissioners Court District 3
08d8047a-c81e-51d9-a5f5-ae86cf324255,ocd-division/country:us/state:tx/county:denton/council_district:4,tx,Denton County TX Commissioners Court District 4
5b1e25e5-03d7-5e21-a942-b43ef40636ad,ocd-division/country:us/state:tx/county:dewitt/council_district:1,tx,Dewitt County Commissioner Precinct 1
df45f627-06ed-5119-bf21-854b0f493193,ocd-division/country:us/state:tx/county:dewitt/council_district:2,tx,Dewitt County Commissioner Precinct 2
5da86a99-b837-58a1-989a-72c78c2d79ef,ocd-division/country:us/state:tx/county:dewitt/council_district:3,tx,Dewitt County Commissioner Precinct 3
d38e4dab-e828-5156-ad9a-bc5a83c87d88,ocd-division/country:us/state:tx/county:dewitt/council_district:4,tx,Dewitt County Commissioner Precinct 4
4a2c078e-fcdc-5be1-b28a-4c46e038b0a6,ocd-division/country:us/state:tx/county:dickens/council_district:1,tx,Dickens County Commissioner Precinct 1
cbfb3361-b5f3-5a6c-a53b-df3e55292feb,ocd-division/country:us/state:tx/county:dickens/council_district:2,tx,Dickens County Commissioner Precinct 2
e90994d1-2a50-5a1a-9215-ba0661897a9d,ocd-division/country:us/state:tx/county:dickens/council_district:3,tx,Dickens County Commissioner Precinct 3
f0f94e59-aedb-5f73-ba43-f6e6bd3a9133,ocd-division/country:us/state:tx/county:dickens/council_district:4,tx,Dickens County Commissioner Precinct 4
0ce18d9d-eb9b-5bf0-8b7d-d0302626e97e,ocd-division/country:us/state:tx/county:dimmit/council_district:1,tx,Dimmit County Commissioner Precinct 1
13f18632-3223-53d9-a2d8-c677e62d963d,ocd-division/country:us/state:tx/county:dimmit/council_district:2,tx,Dimmit County Commissioner Precinct 2
4bd7f9ff-0982-55d9-848b-9a17c2d63753,ocd-division/country:us/state:tx/county:dimmit/council_district:3,tx,Dimmit County Commissioner Precinct 3
25c6e331-d107-5a01-b0b5-3eacbcc16c08,ocd-division/country:us/state:tx/county:dimmit/council_district:4,tx,Dimmit County Commissioner Precinct 4
c0d3149e-c425-51c2-a037-9e39dc14fa55,ocd-division/country:us/state:tx/county:donley/council_district:1,tx,Donley County Commissioner Precinct 1
87d83dbb-19a7-505a-a65b-32c43660d909,ocd-division/country:us/state:tx/county:donley/council_district:2,tx,Donley County Commissioner Precinct 2
d4b8cf8b-6182-5a76-a1b3-4dc8bf3f534b,ocd-division/country:us/state:tx/county:donley/council_district:3,tx,Donley County Commissioner Precinct 3
bc4ee7d3-a5e0-5c7a-8851-1079e25d3f85,ocd-division/country:us/state:tx/county:donley/council_district:4,tx,Donley County Commissioner Precinct 4
e0f44433-9a7f-55e1-a95f-b0d7decc4301,ocd-division/country:us/state:tx/county:duval/council_district:1,tx,Duval County Commissioner Precinct 1
aeccc422-d637-55ae-8961-b9ba5fd7fad4,ocd-division/country:us/state:tx/county:duval/council_district:2,tx,Duval County Commissioner Precinct 2
ebe8cc08-1ca9-50b3-bb52-3ca4ea6505a0,ocd-division/country:us/state:tx/county:duval/council_district:3,tx,Duval County Commissioner Precinct 3
a9dcd4ed-96ff-5ae5-985f-c6afbf1755cc,ocd-division/country:us/state:tx/county:duval/council_district:4,tx,Duval County Commissioner Precinct 4
51bc9417-fc44-5b8c-bac6-c2eaad3b9c80,ocd-division/country:us/state:tx/county:eastland/council_district:1,tx,Eastland County Commissioner Precinct 1
ce93b07a-084a-5324-82ea-46adbaf7bd2f,ocd-division/country:us/state:tx/county:eastland/council_district:2,tx,Eastland County Commissioner Precinct 2
47f98cdc-ed15-5926-a42a-3692848a2728,ocd-division/country:us/state:tx/county:eastland/council_district:3,tx,Eastland County Commissioner Precinct 3
4dfa56f4-a0c9-507a-996b-a11685d90303,ocd-division/country:us/state:tx/county:eastland/council_district:4,tx,Eastland County Commissioner Precinct 4
88b5ecf8-c5b3-58b6-b765-717f75f92143,ocd-division/country:us/state:tx/county:ector/council_district:1,tx,Ector County Commissioner Precinct 1
98684201-353b-55bc-a494-2332322c6b5b,ocd-division/country:us/state:tx/county:ector/council_district:2,tx,Ector County Commissioner Precinct 2
8076a4f4-cb6c-590b-9e98-7da891581c73,ocd-division/country:us/state:tx/county:ector/council_district:3,tx,Ector County Commissioner Precinct 3
d5266033-f532-5b02-9fc9-bfd839998a22,ocd-division/country:us/state:tx/county:ector/council_district:4,tx,Ector County Commissioner Precinct 4
dfddb4aa-c34c-51e4-aa83-d6ef9cf00b3c,ocd-division/country:us/state:tx/county:edwards/council_district:1,tx,Edwards County Commissioner Precinct 1
e9b9f6e1-b0f0-539a-b2ce-e9c3194cdc0a,ocd-division/country:us/state:tx/county:edwards/council_district:2,tx,Edwards County Commissioner Precinct 2
863f6ce7-3a4a-534a-abbe-de927d17a9dc,ocd-division/country:us/state:tx/county:edwards/council_district:3,tx,Edwards County Commissioner Precinct 3
bc738121-a90a-5f0e-97fa-97316b1b8bec,ocd-division/country:us/state:tx/county:edwards/council_district:4,tx,Edwards County Commissioner Precinct 4
3db5bc68-7a1e-5751-aebe-a62d70e37c3b,ocd-division/country:us/state:tx/county:el_paso/council_district:1,tx,El Paso County TX Commissioners Court District 1
a90320fd-6c84-5562-9fdc-24adca959d16,ocd-division/country:us/state:tx/county:el_paso/council_district:2,tx,El Paso County TX Commissioners Court District 2
1d4f72c1-183e-58ba-bcd9-609aa264532f,ocd-division/country:us/state:tx/county:el_paso/council_district:3,tx,El Paso County TX Commissioners Court District 3
7d1f04ec-4940-5285-bfa0-9999885d07f1,ocd-division/country:us/state:tx/county:el_paso/council_district:4,tx,El Paso County TX Commissioners Court District 4
743a668e-83b1-5eaa-a3fe-8d39e4e532d1,ocd-division/country:us/state:tx/county:ellis/council_district:1,tx,Ellis County Commissioner Precinct 1
7e426858-f1c1-5295-8dc5-4f72fc06095e,ocd-division/country:us/state:tx/county:ellis/council_district:2,tx,Ellis County Commissioner Precinct 2
ba8fd620-e153-534d-ae5b-0ac88db1ab7f,ocd-division/country:us/state:tx/county:ellis/council_district:3,tx,Ellis County Commissioner Precinct 3
18239df3-2e5c-5ae8-882a-19de2e156e5f,ocd-division/country:us/state:tx/county:ellis/council_district:4,tx,Ellis County Commissioner Precinct 4
33cbaf94-5e2c-5f0e-9b99-f756a4778baf,ocd-division/country:us/state:tx/county:erath/council_district:1,tx,Erath County Commissioner Precinct 1
b9172799-5b39-575d-832d-d758934e2d6a,ocd-division/country:us/state:tx/county:erath/council_district:2,tx,Erath County Commissioner Precinct 2
a29e20a8-f45a-571c-a8d4-fc2cb3e3257f,ocd-division/country:us/state:tx/county:erath/council_district:3,tx,Erath County Commissioner Precinct 3
942f60f3-283d-5131-91f2-f214c96a7ca0,ocd-division/country:us/state:tx/county:erath/council_district:4,tx,Erath County Commissioner Precinct 4
dbd41f8b-4e26-52e7-a420-b37904e43ad9,ocd-division/country:us/state:tx/county:falls/council_district:1,tx,Falls County Commissioner Precinct 1
68d65fca-d12b-55b5-8ba4-ba54fe202506,ocd-division/country:us/state:tx/county:falls/council_district:2,tx,Falls County Commissioner Precinct 2
6ed66adb-6d44-5512-8cf6-3906eb6d9248,ocd-division/country:us/state:tx/county:falls/council_district:3,tx,Falls County Commissioner Precinct 3
9b0c1b6c-88ad-5b0f-a877-748af20d2f29,ocd-division/country:us/state:tx/county:falls/council_district:4,tx,Falls County Commissioner Precinct 4
3dba3823-dc65-5e0d-a162-b57b88080373,ocd-division/country:us/state:tx/county:fannin/council_district:1,tx,Fannin County Commissioner Precinct 1
7d66f933-7c1c-59d6-9853-8289d21c8314,ocd-division/country:us/state:tx/county:fannin/council_district:2,tx,Fannin County Commissioner Precinct 2
d9391c97-75ee-5770-8e4e-6c5422b374a0,ocd-division/country:us/state:tx/county:fannin/council_district:3,tx,Fannin County Commissioner Precinct 3
ab5aeedd-aeb6-5ca0-9f08-c6e23613e96f,ocd-division/country:us/state:tx/county:fannin/council_district:4,tx,Fannin County Commissioner Precinct 4
cbab0986-e7bf-5793-92c2-1371a8e65815,ocd-division/country:us/state:tx/county:fayette/council_district:1,tx,Fayette County Commissioner Precinct 1
38971d69-0e41-505c-bc9f-d2f714d49241,ocd-division/country:us/state:tx/county:fayette/council_district:2,tx,Fayette County Commissioner Precinct 2
1165bc37-5402-5f79-9d4e-280f3f74750c,ocd-division/country:us/state:tx/county:fayette/council_district:3,tx,Fayette County Commissioner Precinct 3
aa91d869-644b-5fba-936d-08b311169bb0,ocd-division/country:us/state:tx/county:fayette/council_district:4,tx,Fayette County Commissioner Precinct 4
48ad0acf-15fc-55c3-a2f7-257a0b58e640,ocd-division/country:us/state:tx/county:fisher/council_district:1,tx,Fisher County Commissioner Precinct 1
604309c2-dc47-55ce-8eac-e13ee8a13cac,ocd-division/country:us/state:tx/county:fisher/council_district:2,tx,Fisher County Commissioner Precinct 2
09d52095-791c-5131-98aa-6af99f84a847,ocd-division/country:us/state:tx/county:fisher/council_district:3,tx,Fisher County Commissioner Precinct 3
6f7d422d-eed3-5fe2-9ff8-095eef73dbc2,ocd-division/country:us/state:tx/county:fisher/council_district:4,tx,Fisher County Commissioner Precinct 4
dad3b644-e55c-5aa7-8376-90c5d22ccb21,ocd-division/country:us/state:tx/county:floyd/council_district:1,tx,Floyd County Commissioner Precinct 1
ce1ccf7f-5fd4-587b-9e51-c559f7eef434,ocd-division/country:us/state:tx/county:floyd/council_district:2,tx,Floyd County Commissioner Precinct 2
51679830-2d10-56a4-9a01-fb93565ff241,ocd-division/country:us/state:tx/county:floyd/council_district:3,tx,Floyd County Commissioner Precinct 3
438406eb-490a-59da-af0b-702c5c110a91,ocd-division/country:us/state:tx/county:floyd/council_district:4,tx,Floyd County Commissioner Precinct 4
1d3ef0b0-83a7-51c7-9c42-c92db16e2039,ocd-division/country:us/state:tx/county:foard/council_district:1,tx,Foard County Commissioner Precinct 1
6e4e0e6d-f30f-550c-b078-a19f9973a078,ocd-division/country:us/state:tx/county:foard/council_district:2,tx,Foard County Commissioner Precinct 2
cbce7359-2561-5d2e-9617-4ea21717739a,ocd-division/country:us/state:tx/county:foard/council_district:3,tx,Foard County Commissioner Precinct 3
f1b387d6-02d1-5ba2-a037-ea581403e816,ocd-division/country:us/state:tx/county:foard/council_district:4,tx,Foard County Commissioner Precinct 4
bd7d3639-cd4e-5d2b-9bd4-dc8b6739b0d3,ocd-division/country:us/state:tx/county:fort_bend/council_district:1,tx,Fort Bend County TX Commissioners Court District 1
9fb2cf8f-c594-5850-a24c-037f4d3f856d,ocd-division/country:us/state:tx/county:fort_bend/council_district:2,tx,Fort Bend County TX Commissioners Court District 2
d3fee5ae-33de-56b3-8999-0b0b33601460,ocd-division/country:us/state:tx/county:fort_bend/council_district:3,tx,Fort Bend County TX Commissioners Court District 3
2cae4160-ced9-55ea-b698-1c956f543bbe,ocd-division/country:us/state:tx/county:fort_bend/council_district:4,tx,Fort Bend County TX Commissioners Court District 4
37f7d942-637f-57cc-b227-7e453c96fe1a,ocd-division/country:us/state:tx/county:franklin/council_district:1,tx,Franklin County Commissioner Precinct 1
e3c78727-3be5-56e6-a145-e9d726a2e0e7,ocd-division/country:us/state:tx/county:franklin/council_district:2,tx,Franklin County Commissioner Precinct 2
f16d862d-554a-57c2-b721-41a389b33acd,ocd-division/country:us/state:tx/county:franklin/council_district:3,tx,Franklin County Commissioner Precinct 3
8acdf4bf-319d-5ced-a5fe-1b3e15492378,ocd-division/country:us/state:tx/county:franklin/council_district:4,tx,Franklin County Commissioner Precinct 4
7ae259e7-7c0e-53d8-84cc-6e45bf6ae16f,ocd-division/country:us/state:tx/county:freestone/council_district:1,tx,Freestone County Commissioner Precinct 1
0a4744aa-6938-55e6-8e28-15f21c81a740,ocd-division/country:us/state:tx/county:freestone/council_district:2,tx,Freestone County Commissioner Precinct 2
f04b96a7-1e3e-52f4-8cac-b587b72a06ce,ocd-division/country:us/state:tx/county:freestone/council_district:3,tx,Freestone County Commissioner Precinct 3
d37d81a5-8a5b-5e8a-9b0f-f4ce002c9e42,ocd-division/country:us/state:tx/county:freestone/council_district:4,tx,Freestone County Commissioner Precinct 4
80eac0bb-c350-5fb1-8145-52afced21707,ocd-division/country:us/state:tx/county:frio/council_district:1,tx,Frio County Commissioner Precinct 1
000e8243-0ee7-5ea6-8797-7e0a1bd75fcc,ocd-division/country:us/state:tx/county:frio/council_district:2,tx,Frio County Commissioner Precinct 2
f3e0a927-d4fa-59bc-9a4a-074ed872faac,ocd-division/country:us/state:tx/county:frio/council_district:3,tx,Frio County Commissioner Precinct 3
55b631d4-31da-56b2-a3c6-2356b3f2e0b6,ocd-division/country:us/state:tx/county:frio/council_district:4,tx,Frio County Commissioner Precinct 4
154f491d-5ae3-5d14-b7f7-c076e42c53f7,ocd-division/country:us/state:tx/county:gaines/council_district:1,tx,Gaines County Commissioner Precinct 1
2cdb37ee-8142-54f8-9290-99327b0b9dcc,ocd-division/country:us/state:tx/county:gaines/council_district:2,tx,Gaines County Commissioner Precinct 2
c6dd2bd1-7cfb-5e8f-8fb5-623d274530de,ocd-division/country:us/state:tx/county:gaines/council_district:3,tx,Gaines County Commissioner Precinct 3
6dd0355a-f307-5565-8ed2-e402c7d61238,ocd-division/country:us/state:tx/county:gaines/council_district:4,tx,Gaines County Commissioner Precinct 4
66d7b5a6-37e0-5703-a7b6-f637e25bd5ac,ocd-division/country:us/state:tx/county:galveston/council_district:1,tx,Galveston County Commissioner Precinct 1
9db3ec97-7bfb-50d4-b589-f2b54c010e0d,ocd-division/country:us/state:tx/county:galveston/council_district:2,tx,Galveston County Commissioner Precinct 2
550dbf8c-3ec1-549d-a3a4-191b383c2da1,ocd-division/country:us/state:tx/county:galveston/council_district:3,tx,Galveston County Commissioner Precinct 3
a132bd04-2f0c-5f10-9ea2-a12139a2bf85,ocd-division/country:us/state:tx/county:galveston/council_district:4,tx,Galveston County Commissioner Precinct 4
adbd8f26-d3dc-59b1-87cf-b9dd7e4546bb,ocd-division/country:us/state:tx/county:garza/council_district:1,tx,Garza County Commissioner Precinct 1
0a0dff55-439b-5369-8cb3-7208718b96e2,ocd-division/country:us/state:tx/county:garza/council_district:2,tx,Garza County Commissioner Precinct 2
b435033d-8fd2-53a2-b2f6-a134ee5e1a61,ocd-division/country:us/state:tx/county:garza/council_district:3,tx,Garza County Commissioner Precinct 3
d92fd435-e87e-5762-aa96-d584552d0ff7,ocd-division/country:us/state:tx/county:garza/council_district:4,tx,Garza County Commissioner Precinct 4
8633c783-ea9f-539a-aa1e-edb3522c3c66,ocd-division/country:us/state:tx/county:gillespie/council_district:1,tx,Gillespie County Commissioner Precinct 1
c189e34a-84ad-5a57-90b3-a1a5c1d283a7,ocd-division/country:us/state:tx/county:gillespie/council_district:2,tx,Gillespie County Commissioner Precinct 2
d954bc86-a324-5d8b-bb71-7a66446e63c1,ocd-division/country:us/state:tx/county:gillespie/council_district:3,tx,Gillespie County Commissioner Precinct 3
26dda97e-ff92-5976-8a35-4d35211b3ed7,ocd-division/country:us/state:tx/county:gillespie/council_district:4,tx,Gillespie County Commissioner Precinct 4
1b8236e6-9d4c-506e-b311-dcca5c88da9b,ocd-division/country:us/state:tx/county:glasscock/council_district:1,tx,Glasscock County Commissioner Precinct 1
fa56158a-5b3a-58e0-839b-b9cc49d61f77,ocd-division/country:us/state:tx/county:glasscock/council_district:2,tx,Glasscock County Commissioner Precinct 2
fa0a021c-3e3a-56b2-bd0e-f727d7987859,ocd-division/country:us/state:tx/county:glasscock/council_district:3,tx,Glasscock County Commissioner Precinct 3
0b700279-4659-57d8-a025-ca214210f109,ocd-division/country:us/state:tx/county:glasscock/council_district:4,tx,Glasscock County Commissioner Precinct 4
99e310dd-4c46-5c01-b9fb-be220c09ff68,ocd-division/country:us/state:tx/county:goliad/council_district:1,tx,Goliad County Commissioner Precinct 1
a5e81e8a-d5aa-53fe-9847-20846b009a86,ocd-division/country:us/state:tx/county:goliad/council_district:2,tx,Goliad County Commissioner Precinct 2
8208238f-b0d3-5bb7-aa53-d20dac515eb8,ocd-division/country:us/state:tx/county:goliad/council_district:3,tx,Goliad County Commissioner Precinct 3
8e89f4ba-e221-5600-919f-99db8eac81b6,ocd-division/country:us/state:tx/county:goliad/council_district:4,tx,Goliad County Commissioner Precinct 4
5f702222-bab1-546f-930b-651d7745cefa,ocd-division/country:us/state:tx/county:gonzales/council_district:1,tx,Gonzales County Commissioner Precinct 1
434c6e1b-73b2-529f-a0d2-8ec9b87c1177,ocd-division/country:us/state:tx/county:gonzales/council_district:2,tx,Gonzales County Commissioner Precinct 2
49d736ff-3b1b-50d3-8edb-f02deb8cbcaa,ocd-division/country:us/state:tx/county:gonzales/council_district:3,tx,Gonzales County Commissioner Precinct 3
54826951-d140-55a6-a9f4-75641503c317,ocd-division/country:us/state:tx/county:gonzales/council_district:4,tx,Gonzales County Commissioner Precinct 4
1672934b-a7d3-5588-9b87-2192577edbe1,ocd-division/country:us/state:tx/county:gray/council_district:1,tx,Gray County Commissioner Precinct 1
f81a9f34-51dc-54d0-bf1c-07b3a092a587,ocd-division/country:us/state:tx/county:gray/council_district:2,tx,Gray County Commissioner Precinct 2
3cee44e2-874a-5ae8-942a-b31593989ceb,ocd-division/country:us/state:tx/county:gray/council_district:3,tx,Gray County Commissioner Precinct 3
cd72eb73-7cd1-5d57-a269-038417ff6195,ocd-division/country:us/state:tx/county:gray/council_district:4,tx,Gray County Commissioner Precinct 4
74ef4dca-edd4-52db-a981-139a095966dc,ocd-division/country:us/state:tx/county:grayson/council_district:1,tx,Grayson County Commissioner Precinct 1
dd2cabbb-3b24-53c8-b285-c4001e0ee5d5,ocd-division/country:us/state:tx/county:grayson/council_district:2,tx,Grayson County Commissioner Precinct 2
8bfdd804-1859-5aee-95da-3865bc226a00,ocd-division/country:us/state:tx/county:grayson/council_district:3,tx,Grayson County Commissioner Precinct 3
3dcec543-64c8-5c15-b1bc-1123a6f78721,ocd-division/country:us/state:tx/county:grayson/council_district:4,tx,Grayson County Commissioner Precinct 4
04ca3546-46aa-56dd-a197-1ca67c55da6c,ocd-division/country:us/state:tx/county:gregg/council_district:1,tx,Gregg County Commissioner Precinct 1
381062f3-5f42-512f-aee9-bbe773d8fc71,ocd-division/country:us/state:tx/county:gregg/council_district:2,tx,Gregg County Commissioner Precinct 2
d0096ace-2800-57e9-ac4b-c8000807bf08,ocd-division/country:us/state:tx/county:gregg/council_district:3,tx,Gregg County Commissioner Precinct 3
c0fd13a4-45b8-5179-982b-38a5c7b1f249,ocd-division/country:us/state:tx/county:gregg/council_district:4,tx,Gregg County Commissioner Precinct 4
eb6cca46-a9e3-53f0-bdea-8e32d516f696,ocd-division/country:us/state:tx/county:grimes/council_district:1,tx,Grimes County Commissioner Precinct 1
b416aebc-3865-59d7-89ed-697c41bfa62b,ocd-division/country:us/state:tx/county:grimes/council_district:2,tx,Grimes County Commissioner Precinct 2
dcc6b556-e468-5d85-8686-60190ade236a,ocd-division/country:us/state:tx/county:grimes/council_district:3,tx,Grimes County Commissioner Precinct 3
92276ce0-eee2-5ac8-a0b8-fbb7ed2818b8,ocd-division/country:us/state:tx/county:grimes/council_district:4,tx,Grimes County Commissioner Precinct 4
b85653e0-e99d-5d45-883c-0f36cf69dc12,ocd-division/country:us/state:tx/county:guadalupe/council_district:1,tx,Guadalupe County Commissioner Precinct 1
85bc73b4-b68d-52b8-99e7-2c6d4e2a5ff0,ocd-division/country:us/state:tx/county:guadalupe/council_district:2,tx,Guadalupe County Commissioner Precinct 2
3eaa5c8f-8b6f-5914-8368-1d2d6004ad8b,ocd-division/country:us/state:tx/county:guadalupe/council_district:3,tx,Guadalupe County Commissioner Precinct 3
ed7dbddb-d5fa-5b58-93d8-b3fb1fa7ffb9,ocd-division/country:us/state:tx/county:guadalupe/council_district:4,tx,Guadalupe County Commissioner Precinct 4
843ffbf5-8b64-5e37-a7c3-f5fe7e524ee3,ocd-division/country:us/state:tx/county:hale/council_district:1,tx,Hale County Commissioner Precinct 1
5c6c6425-39b0-51c8-9af1-d5b803c46dba,ocd-division/country:us/state:tx/county:hale/council_district:2,tx,Hale County Commissioner Precinct 2
cd17c174-a502-598c-8bbf-af9253fdc43b,ocd-division/country:us/state:tx/county:hale/council_district:3,tx,Hale County Commissioner Precinct 3
18722f9c-2764-5e56-8833-074a09dc2d84,ocd-division/country:us/state:tx/county:hale/council_district:4,tx,Hale County Commissioner Precinct 4
a90f680c-8343-57d7-95b4-8191a9f33148,ocd-division/country:us/state:tx/county:hall/council_district:1,tx,Hall County Commissioner Precinct 1
b100157a-cdaf-5da5-937a-d7b7d33bb21b,ocd-division/country:us/state:tx/county:hall/council_district:2,tx,Hall County Commissioner Precinct 2
6ad52fd5-6269-5fdc-a2d6-adda5665330b,ocd-division/country:us/state:tx/county:hall/council_district:3,tx,Hall County Commissioner Precinct 3
932843a2-059d-505f-8d81-776b0182dd82,ocd-division/country:us/state:tx/county:hall/council_district:4,tx,Hall County Commissioner Precinct 4
38324fe0-7395-5a4f-9d98-46575c10d100,ocd-division/country:us/state:tx/county:hamilton/council_district:1,tx,Hamilton County Commissioner Precinct 1
c52a1dc5-b321-533d-bdb8-61544a6bd33a,ocd-division/country:us/state:tx/county:hamilton/council_district:2,tx,Hamilton County Commissioner Precinct 2
2b6a0057-20dd-5796-a9ef-8f6e68cf552e,ocd-division/country:us/state:tx/county:hamilton/council_district:3,tx,Hamilton County Commissioner Precinct 3
b9733d34-b870-5f0a-aafb-6491acd98e7d,ocd-division/country:us/state:tx/county:hamilton/council_district:4,tx,Hamilton County Commissioner Precinct 4
4336ebb3-0084-50d0-bbf5-0997c25d005a,ocd-division/country:us/state:tx/county:hansford/council_district:1,tx,Hansford County Commissioner Precinct 1
941e92ba-ba1a-5833-bcbe-a22b2c3bdf7c,ocd-division/country:us/state:tx/county:hansford/council_district:2,tx,Hansford County Commissioner Precinct 2
d9a78ba4-d099-5141-ab84-88c04eeff3e8,ocd-division/country:us/state:tx/county:hansford/council_district:3,tx,Hansford County Commissioner Precinct 3
05355e59-f0a5-5747-9447-ba829f657b93,ocd-division/country:us/state:tx/county:hansford/council_district:4,tx,Hansford County Commissioner Precinct 4
a235d09b-875d-508b-ae61-575eb4a85a16,ocd-division/country:us/state:tx/county:hardeman/council_district:1,tx,Hardeman County Commissioner Precinct 1
1be3ce3b-57f6-5904-8534-86ceb19d3821,ocd-division/country:us/state:tx/county:hardeman/council_district:2,tx,Hardeman County Commissioner Precinct 2
486f9b1f-7f1a-5b0e-81ba-00705c823967,ocd-division/country:us/state:tx/county:hardeman/council_district:3,tx,Hardeman County Commissioner Precinct 3
87d6691f-ae59-5eda-8112-d936d97c367c,ocd-division/country:us/state:tx/county:hardeman/council_district:4,tx,Hardeman County Commissioner Precinct 4
02ac16b9-fd46-5a2f-9ec9-39a4dbf6ff7e,ocd-division/country:us/state:tx/county:hardin/council_district:1,tx,Hardin County Commissioner Precinct 1
eae4ab99-20e3-5c55-a8b7-c1ef8a7cf0cd,ocd-division/country:us/state:tx/county:hardin/council_district:2,tx,Hardin County Commissioner Precinct 2
c6ba7e35-8e3e-5521-8afe-af7de16bf849,ocd-division/country:us/state:tx/county:hardin/council_district:3,tx,Hardin County Commissioner Precinct 3
46f1e060-da14-57c1-9a24-cac9d38e74d3,ocd-division/country:us/state:tx/county:hardin/council_district:4,tx,Hardin County Commissioner Precinct 4
6eba773b-fb0b-529f-a56c-25802e7f6f81,ocd-division/country:us/state:tx/county:harris/council_district:1,tx,Harris County TX Commission Precinct 1
70b2837d-b0c6-51c8-819c-9374028f18e3,ocd-division/country:us/state:tx/county:harris/council_district:2,tx,Harris County TX Commission Precinct 2
c9cf308c-ce59-5cf2-a3cd-457f607dc1c3,ocd-division/country:us/state:tx/county:harris/council_district:3,tx,Harris County TX Commission Precinct 3
129a468b-4a92-5799-b025-e8f9b3643d2a,ocd-division/country:us/state:tx/county:harris/council_district:4,tx,Harris County TX Commission Precinct 4
85eb8f80-ca4c-514c-b431-5f9bcb3ee9b4,ocd-division/country:us/state:tx/county:harrison/council_district:1,tx,Harrison County Commissioner Precinct 1
4f9c332a-035e-52dd-b14f-b7baf9aaddc6,ocd-division/country:us/state:tx/county:harrison/council_district:2,tx,Harrison County Commissioner Precinct 2
0732708c-e07a-5763-9901-63c0da967c9e,ocd-division/country:us/state:tx/county:harrison/council_district:3,tx,Harrison County Commissioner Precinct 3
1151a574-4417-5853-a3dc-0eb8794f2106,ocd-division/country:us/state:tx/county:harrison/council_district:4,tx,Harrison County Commissioner Precinct 4
b0645a56-9c3b-5c79-b82a-bdf7d5feba1e,ocd-division/country:us/state:tx/county:hartley/council_district:1,tx,Hartley County Commissioner Precinct 1
ac399a37-a305-541d-a0cd-5e7feeed5013,ocd-division/country:us/state:tx/county:hartley/council_district:2,tx,Hartley County Commissioner Precinct 2
3c534446-b2d8-53c5-9306-a7a8062da9a9,ocd-division/country:us/state:tx/county:hartley/council_district:3,tx,Hartley County Commissioner Precinct 3
19ac1d35-801d-58bb-8012-fe9fb86056a0,ocd-division/country:us/state:tx/county:hartley/council_district:4,tx,Hartley County Commissioner Precinct 4
24ba94e3-4733-586d-89e5-071fcab2c1b0,ocd-division/country:us/state:tx/county:haskell/council_district:1,tx,Haskell County Commissioner Precinct 1
91d52139-c759-5d1c-afd3-40c327027f5c,ocd-division/country:us/state:tx/county:haskell/council_district:2,tx,Haskell County Commissioner Precinct 2
f0d91237-9026-5a6a-8676-0606971b506a,ocd-division/country:us/state:tx/county:haskell/council_district:3,tx,Haskell County Commissioner Precinct 3
58de57bf-74bd-5b8d-83f9-fdc918743d21,ocd-division/country:us/state:tx/county:haskell/council_district:4,tx,Haskell County Commissioner Precinct 4
e85d737f-2788-5fde-8f1a-ffafb61efc41,ocd-division/country:us/state:tx/county:hays/council_district:1,tx,Hays County Commissioner Precinct 1
e77efa69-8a4b-5835-9e61-98c8dd0c5586,ocd-division/country:us/state:tx/county:hays/council_district:2,tx,Hays County Commissioner Precinct 2
72e7f7ba-47bb-5a41-a243-e46fa7627912,ocd-division/country:us/state:tx/county:hays/council_district:3,tx,Hays County Commissioner Precinct 3
621b93e3-861b-5cfc-a043-cef86ad4352c,ocd-division/country:us/state:tx/county:hays/council_district:4,tx,Hays County Commissioner Precinct 4
464cc78e-af0d-51d2-95cd-5e64ee43c46d,ocd-division/country:us/state:tx/county:hemphill/council_district:1,tx,Hemphill County Commissioner Precinct 1
f897d16b-ba56-56a3-a34c-13b0883207e3,ocd-division/country:us/state:tx/county:hemphill/council_district:2,tx,Hemphill County Commissioner Precinct 2
50def521-21d0-5b2d-8d7a-c8590e519c54,ocd-division/country:us/state:tx/county:hemphill/council_district:3,tx,Hemphill County Commissioner Precinct 3
fd0c4984-0dca-5759-84ed-208f8a6d8ce7,ocd-division/country:us/state:tx/county:hemphill/council_district:4,tx,Hemphill County Commissioner Precinct 4
58f48182-078b-5559-b648-edc4b071785b,ocd-division/country:us/state:tx/county:henderson/council_district:1,tx,Henderson County Commissioner Precinct 1
52a52dd3-d9d0-5be8-950d-513bb4aa4364,ocd-division/country:us/state:tx/county:henderson/council_district:2,tx,Henderson County Commissioner Precinct 2
60158413-928e-58ee-b83f-ecd35c7583a0,ocd-division/country:us/state:tx/county:henderson/council_district:3,tx,Henderson County Commissioner Precinct 3
0518a8c4-4f64-5d48-8e07-50665d13a5ed,ocd-division/country:us/state:tx/county:henderson/council_district:4,tx,Henderson County Commissioner Precinct 4
aa397d6a-c961-51c0-9d48-5d639735b3b4,ocd-division/country:us/state:tx/county:hidalgo/council_district:1,tx,Hidalgo County TX Commissioners Court District 1
a69a76ba-c2ba-5bf1-974d-7b5818a8ef24,ocd-division/country:us/state:tx/county:hidalgo/council_district:2,tx,Hidalgo County TX Commissioners Court District 2
b58486ae-b238-579b-b90c-342dff8dc888,ocd-division/country:us/state:tx/county:hidalgo/council_district:3,tx,Hidalgo County TX Commissioners Court District 3
51ca2ebf-a5c1-5464-8b2e-d5ebc25e2795,ocd-division/country:us/state:tx/county:hidalgo/council_district:4,tx,Hidalgo County TX Commissioners Court District 4
28260a1d-96e0-59a9-8ee1-7aea8e1d1ae5,ocd-division/country:us/state:tx/county:hill/council_district:1,tx,Hill County Commissioner Precinct 1
512d658a-cacb-5059-b51e-944d836a0005,ocd-division/country:us/state:tx/county:hill/council_district:2,tx,Hill County Commissioner Precinct 2
07077d4e-2260-556e-9102-312a8f75dfd4,ocd-division/country:us/state:tx/county:hill/council_district:3,tx,Hill County Commissioner Precinct 3
ecbb0511-f003-5cef-a5cd-4abe285a3fdf,ocd-division/country:us/state:tx/county:hill/council_district:4,tx,Hill County Commissioner Precinct 4
dbfa9dfd-6509-5755-a3a7-a6b5d463255a,ocd-division/country:us/state:tx/county:hockley/council_district:1,tx,Hockley County Commissioner Precinct 1
dea862bb-76fa-553e-bf25-87754e49ec80,ocd-division/country:us/state:tx/county:hockley/council_district:2,tx,Hockley County Commissioner Precinct 2
e63204e6-5603-5aab-ae22-88bd871115e3,ocd-division/country:us/state:tx/county:hockley/council_district:3,tx,Hockley County Commissioner Precinct 3
9f1b7abb-9316-5c66-98a2-49a598d47b6e,ocd-division/country:us/state:tx/county:hockley/council_district:4,tx,Hockley County Commissioner Precinct 4
59063d89-a93e-5cd2-b165-04a072ce58f7,ocd-division/country:us/state:tx/county:hood/council_district:1,tx,Hood County Commissioner Precinct 1
b27e7313-9687-5784-a45a-3980d5a2ab74,ocd-division/country:us/state:tx/county:hood/council_district:2,tx,Hood County Commissioner Precinct 2
8927df93-87bf-59da-a3ca-d7e212455f8b,ocd-division/country:us/state:tx/county:hood/council_district:3,tx,Hood County Commissioner Precinct 3
0734357e-3091-5358-9f8c-585115436348,ocd-division/country:us/state:tx/county:hood/council_district:4,tx,Hood County Commissioner Precinct 4
ecb0a3bf-19e1-5990-b449-3777d9ff33ae,ocd-division/country:us/state:tx/county:hopkins/council_district:1,tx,Hopkins County Commissioner Precinct 1
9b040a9e-867f-5d18-98ea-a1c2f4b25085,ocd-division/country:us/state:tx/county:hopkins/council_district:2,tx,Hopkins County Commissioner Precinct 2
30d177db-8e71-5e9d-bda2-e40cd1fc98ff,ocd-division/country:us/state:tx/county:hopkins/council_district:3,tx,Hopkins County Commissioner Precinct 3
22808f05-d08c-5ee9-b0cc-e52d29899896,ocd-division/country:us/state:tx/county:hopkins/council_district:4,tx,Hopkins County Commissioner Precinct 4
a3b7af04-9e97-589c-97c6-8c456c7a470c,ocd-division/country:us/state:tx/county:houston/council_district:1,tx,Houston County Commissioner Precinct 1
0e0179ab-ba0a-5240-b7ac-9bd953737582,ocd-division/country:us/state:tx/county:houston/council_district:2,tx,Houston County Commissioner Precinct 2
272b6f09-20a4-593d-a902-8791990ff207,ocd-division/country:us/state:tx/county:houston/council_district:3,tx,Houston County Commissioner Precinct 3
540429b9-ade3-5769-b943-7a6196e899a5,ocd-division/country:us/state:tx/county:houston/council_district:4,tx,Houston County Commissioner Precinct 4
b917d040-443f-5b48-b408-b3125dd64e68,ocd-division/country:us/state:tx/county:howard/council_district:1,tx,Howard County Commissioner Precinct 1
71e281a6-cd9d-5a4b-ab09-dd997bfa73b3,ocd-division/country:us/state:tx/county:howard/council_district:2,tx,Howard County Commissioner Precinct 2
d8f3a972-c4da-5368-868b-390fbad98c19,ocd-division/country:us/state:tx/county:howard/council_district:3,tx,Howard County Commissioner Precinct 3
3d4a7dfd-da5d-596c-ab6a-500165ce0bd3,ocd-division/country:us/state:tx/county:howard/council_district:4,tx,Howard County Commissioner Precinct 4
05ae9aec-e064-5f08-b30f-5e4e9741ec1a,ocd-division/country:us/state:tx/county:hudspeth/council_district:1,tx,Hudspeth County Commissioner Precinct 1
7e133e60-5040-5d9c-9940-9baa5d6f6b96,ocd-division/country:us/state:tx/county:hudspeth/council_district:2,tx,Hudspeth County Commissioner Precinct 2
7bed8222-f7ad-5c0c-a2db-8a987865f145,ocd-division/country:us/state:tx/county:hudspeth/council_district:3,tx,Hudspeth County Commissioner Precinct 3
73864fdf-2010-5c07-9295-0e75655f6160,ocd-division/country:us/state:tx/county:hudspeth/council_district:4,tx,Hudspeth County Commissioner Precinct 4
4ed81c63-21f1-5c62-be25-d4c336311a2c,ocd-division/country:us/state:tx/county:hunt/council_district:1,tx,Hunt County Commissioner Precinct 1
64b20381-eec0-5694-a34c-6e598df993ed,ocd-division/country:us/state:tx/county:hunt/council_district:2,tx,Hunt County Commissioner Precinct 2
48412f81-33f9-5830-85bb-e225b7d31f0f,ocd-division/country:us/state:tx/county:hunt/council_district:3,tx,Hunt County Commissioner Precinct 3
bf848c04-382d-52a0-85e7-4d93b7714868,ocd-division/country:us/state:tx/county:hunt/council_district:4,tx,Hunt County Commissioner Precinct 4
03397e68-bdd5-5016-bb8e-09be832f0492,ocd-division/country:us/state:tx/county:hutchinson/council_district:1,tx,Hutchinson County Commissioner Precinct 1
07a7c99c-bedc-541b-9776-04b5658f186a,ocd-division/country:us/state:tx/county:hutchinson/council_district:2,tx,Hutchinson County Commissioner Precinct 2
ce7746c7-6a6d-54f8-b516-03807f0b4dfa,ocd-division/country:us/state:tx/county:hutchinson/council_district:3,tx,Hutchinson County Commissioner Precinct 3
5212c571-21de-5b47-a5db-b1ccd1c9a7e0,ocd-division/country:us/state:tx/county:hutchinson/council_district:4,tx,Hutchinson County Commissioner Precinct 4
d0334160-9517-56e5-b3d5-64c1bc6381b2,ocd-division/country:us/state:tx/county:irion/council_district:1,tx,Irion County Commissioner Precinct 1
12b22de1-291c-5c55-af35-de1da2a37c9e,ocd-division/country:us/state:tx/county:irion/council_district:2,tx,Irion County Commissioner Precinct 2
1738f2c1-7a95-57c2-a763-e271cb16d78f,ocd-division/country:us/state:tx/county:irion/council_district:3,tx,Irion County Commissioner Precinct 3
772c27c3-f22c-5f22-a1f8-77e5fa8ba556,ocd-division/country:us/state:tx/county:irion/council_district:4,tx,Irion County Commissioner Precinct 4
9dd6b95f-acf4-513c-ae6a-31b3e6bb4c5d,ocd-division/country:us/state:tx/county:jack/council_district:1,tx,Jack County Commissioner Precinct 1
dfe22de0-532d-55f0-8374-3f65d4feb4d7,ocd-division/country:us/state:tx/county:jack/council_district:2,tx,Jack County Commissioner Precinct 2
5bf6c151-399d-5eec-9cb5-537f82649646,ocd-division/country:us/state:tx/county:jack/council_district:3,tx,Jack County Commissioner Precinct 3
b1b28acb-93a4-54bf-8531-24bd9eb80a30,ocd-division/country:us/state:tx/county:jack/council_district:4,tx,Jack County Commissioner Precinct 4
ca4364f5-10bc-5f5b-8b96-84c0285c9cfe,ocd-division/country:us/state:tx/county:jackson/council_district:1,tx,Jackson County Commissioner Precinct 1
5d9cc6a1-b7ad-5ded-baa3-ee9a4cd94311,ocd-division/country:us/state:tx/county:jackson/council_district:2,tx,Jackson County Commissioner Precinct 2
9230a184-0617-5aaf-adda-e9a12ba30136,ocd-division/country:us/state:tx/county:jackson/council_district:3,tx,Jackson County Commissioner Precinct 3
fb81cd9f-9a17-5ae4-86a2-c2472bc99669,ocd-division/country:us/state:tx/county:jackson/council_district:4,tx,Jackson County Commissioner Precinct 4
2926ae5b-1e85-5666-9ae3-ab4752c766fb,ocd-division/country:us/state:tx/county:jasper/council_district:1,tx,Jasper County Commissioner Precinct 1
a9829e4c-472a-5184-af15-bacb1dd14f36,ocd-division/country:us/state:tx/county:jasper/council_district:2,tx,Jasper County Commissioner Precinct 2
405806ed-3034-5d05-a59f-4f16c83ad7d6,ocd-division/country:us/state:tx/county:jasper/council_district:3,tx,Jasper County Commissioner Precinct 3
ce818da8-db4c-5962-be67-da014abb4fae,ocd-division/country:us/state:tx/county:jasper/council_district:4,tx,Jasper County Commissioner Precinct 4
0bdcbd62-c559-53ee-95e2-d129a278029d,ocd-division/country:us/state:tx/county:jeff_davis/council_district:1,tx,Jeff Davis County Commissioner Precinct 1
43d0bc6d-501f-5ab9-9481-a503f8498785,ocd-division/country:us/state:tx/county:jeff_davis/council_district:2,tx,Jeff Davis County Commissioner Precinct 2
f0ff09ce-39a2-5737-b8e9-51592fb38e47,ocd-division/country:us/state:tx/county:jeff_davis/council_district:3,tx,Jeff Davis County Commissioner Precinct 3
9d015791-ea72-5978-b863-1b0c288d0fda,ocd-division/country:us/state:tx/county:jeff_davis/council_district:4,tx,Jeff Davis County Commissioner Precinct 4
e5942ebf-d346-5739-9809-a2d27af7291e,ocd-division/country:us/state:tx/county:jefferson/council_district:1,tx,Jefferson County TX Commissioners Court District 1
a153c18c-494d-5a8c-886b-1e6acc76b31b,ocd-division/country:us/state:tx/county:jefferson/council_district:2,tx,Jefferson County TX Commissioners Court District 2
17069c08-e8d0-5149-b558-c683e4b714d7,ocd-division/country:us/state:tx/county:jefferson/council_district:3,tx,Jefferson County TX Commissioners Court District 3
56f5fddc-8b91-5451-b9e6-e0e30adad5d6,ocd-division/country:us/state:tx/county:jefferson/council_district:4,tx,Jefferson County TX Commissioners Court District 4
5f53de6e-6af8-5388-ab5d-0aa195442639,ocd-division/country:us/state:tx/county:jim_hogg/council_district:1,tx,Jim Hogg County Commissioner Precinct 1
0d9f310f-7626-501c-b33d-604eab7c35de,ocd-division/country:us/state:tx/county:jim_hogg/council_district:2,tx,Jim Hogg County Commissioner Precinct 2
8143e687-3b4a-5483-b3d1-f3b89e040932,ocd-division/country:us/state:tx/county:jim_hogg/council_district:3,tx,Jim Hogg County Commissioner Precinct 3
da5f4c1d-8063-595c-8c9a-e15ac24db6a9,ocd-division/country:us/state:tx/county:jim_hogg/council_district:4,tx,Jim Hogg County Commissioner Precinct 4
577732f6-56a3-58bb-9aa8-bd1af9017f01,ocd-division/country:us/state:tx/county:jim_wells/council_district:1,tx,Jim Wells County Commissioner Precinct 1
b3618b31-6451-5293-98c9-e1a3c443bc10,ocd-division/country:us/state:tx/county:jim_wells/council_district:2,tx,Jim Wells County Commissioner Precinct 2
18e2d9e3-e1ab-54b2-95f6-da1f71e2030d,ocd-division/country:us/state:tx/county:jim_wells/council_district:3,tx,Jim Wells County Commissioner Precinct 3
e3d94b41-724a-5e0b-aa54-fc0df3cd2f36,ocd-division/country:us/state:tx/county:jim_wells/council_district:4,tx,Jim Wells County Commissioner Precinct 4
16e0dd00-b950-5c78-8953-d494d08c6fd0,ocd-division/country:us/state:tx/county:johnson/council_district:1,tx,Johnson County Commissioner Precinct 1
0a971d5c-76db-56e4-998a-18cc02b38946,ocd-division/country:us/state:tx/county:johnson/council_district:2,tx,Johnson County Commissioner Precinct 2
728717ef-b3d5-5d11-acc2-1977c0127578,ocd-division/country:us/state:tx/county:johnson/council_district:3,tx,Johnson County Commissioner Precinct 3
22cb83b2-f553-569f-9bd5-8ddd32db3490,ocd-division/country:us/state:tx/county:johnson/council_district:4,tx,Johnson County Commissioner Precinct 4
52393335-0bab-5c06-b551-bc51a3abba4e,ocd-division/country:us/state:tx/county:jones/council_district:1,tx,Jones County Commissioner Precinct 1
5dfcafd9-5ab1-5555-9921-2fff0b70e19b,ocd-division/country:us/state:tx/county:jones/council_district:2,tx,Jones County Commissioner Precinct 2
4eba216c-b7af-5582-bf2a-a8c4e200b693,ocd-division/country:us/state:tx/county:jones/council_district:3,tx,Jones County Commissioner Precinct 3
e2e50823-e470-5f01-a9d0-65b6ee6d660b,ocd-division/country:us/state:tx/county:jones/council_district:4,tx,Jones County Commissioner Precinct 4
1bf18796-f7d4-5218-b177-da61c397355c,ocd-division/country:us/state:tx/county:karnes/council_district:1,tx,Karnes County Commissioner Precinct 1
7a61d55d-e4d6-57dd-8762-1905fada4fb3,ocd-division/country:us/state:tx/county:karnes/council_district:2,tx,Karnes County Commissioner Precinct 2
990ae285-570c-578f-a780-0258c7b9bf75,ocd-division/country:us/state:tx/county:karnes/council_district:3,tx,Karnes County Commissioner Precinct 3
9d1576f9-fdc2-5dee-872c-754648ce49dd,ocd-division/country:us/state:tx/county:karnes/council_district:4,tx,Karnes County Commissioner Precinct 4
ddfa02cc-9510-5e3c-be4b-6a6bbaf354eb,ocd-division/country:us/state:tx/county:kaufman/council_district:1,tx,Kaufman County Commissioner Precinct 1
2b5a52f3-6f64-5705-8e6b-e17cfd89fc72,ocd-division/country:us/state:tx/county:kaufman/council_district:2,tx,Kaufman County Commissioner Precinct 2
a5c987b8-2642-5d6c-a542-eede016215ba,ocd-division/country:us/state:tx/county:kaufman/council_district:3,tx,Kaufman County Commissioner Precinct 3
e6ee445d-547c-5e20-aec6-45e0e3032aec,ocd-division/country:us/state:tx/county:kaufman/council_district:4,tx,Kaufman County Commissioner Precinct 4
a269658e-df16-574b-b7aa-4736fce36067,ocd-division/country:us/state:tx/county:kendall/council_district:1,tx,Kendall County Commissioner Precinct 1
243a13a5-9752-508f-95f8-fc5a43440f84,ocd-division/country:us/state:tx/county:kendall/council_district:2,tx,Kendall County Commissioner Precinct 2
1b42500e-2131-5ab9-85e5-c4c8ff765630,ocd-division/country:us/state:tx/county:kendall/council_district:3,tx,Kendall County Commissioner Precinct 3
20107aef-13ee-5d2f-bfa4-60fab04c363b,ocd-division/country:us/state:tx/county:kendall/council_district:4,tx,Kendall County Commissioner Precinct 4
8611554d-6a57-5b2b-a150-cba06dbdc8a0,ocd-division/country:us/state:tx/county:kenedy/council_district:1,tx,Kenedy County Commissioner Precinct 1
45ad1bc6-4310-58f6-b261-a1bda7e84659,ocd-division/country:us/state:tx/county:kenedy/council_district:2,tx,Kenedy County Commissioner Precinct 2
865ee15d-845e-5f0e-a2e7-e0ef1b9fc802,ocd-division/country:us/state:tx/county:kenedy/council_district:3,tx,Kenedy County Commissioner Precinct 3
5924ef2d-f7e7-5b52-b0cb-e8a82c3c7b78,ocd-division/country:us/state:tx/county:kenedy/council_district:4,tx,Kenedy County Commissioner Precinct 4
39ab5ba7-46fd-5a79-b8bb-5976b186cd50,ocd-division/country:us/state:tx/county:kent/council_district:1,tx,Kent County Commissioner Precinct 1
2ddc406a-37f5-5d4d-8e4d-32a430425019,ocd-division/country:us/state:tx/county:kent/council_district:2,tx,Kent County Commissioner Precinct 2
ad4da6fe-a415-51a3-a472-a69a0984899b,ocd-division/country:us/state:tx/county:kent/council_district:3,tx,Kent County Commissioner Precinct 3
8b5a291d-716e-5df4-bce6-2131d427263c,ocd-division/country:us/state:tx/county:kent/council_district:4,tx,Kent County Commissioner Precinct 4
9160e4fd-ed65-5be8-9734-dd356aa1032c,ocd-division/country:us/state:tx/county:kerr/council_district:1,tx,Kerr County Commissioner Precinct 1
eca39d16-0b33-5d15-b686-16d3482975f3,ocd-division/country:us/state:tx/county:kerr/council_district:2,tx,Kerr County Commissioner Precinct 2
a422b299-a1e6-5e4e-b2c3-11c8eeb425f3,ocd-division/country:us/state:tx/county:kerr/council_district:3,tx,Kerr County Commissioner Precinct 3
f69ef324-b56e-5b25-81f0-54847c3554dc,ocd-division/country:us/state:tx/county:kerr/council_district:4,tx,Kerr County Commissioner Precinct 4
b0981ab4-4b9b-5aee-aaee-40fd43716426,ocd-division/country:us/state:tx/county:kimble/council_district:1,tx,Kimble County Commissioner Precinct 1
7fe7b444-92d4-5283-ba97-64d6068b66e7,ocd-division/country:us/state:tx/county:kimble/council_district:2,tx,Kimble County Commissioner Precinct 2
a5f16899-3ea5-56eb-b42a-6d76c517fc8f,ocd-division/country:us/state:tx/county:kimble/council_district:3,tx,Kimble County Commissioner Precinct 3
aed24819-832a-522b-a866-d0cc1ecfb2f2,ocd-division/country:us/state:tx/county:kimble/council_district:4,tx,Kimble County Commissioner Precinct 4
cebc3ce6-5fc6-567e-8e8b-1489fb86dd4e,ocd-division/country:us/state:tx/county:king/council_district:1,tx,King County Commissioner Precinct 1
48cbc0e1-bd83-5a87-bfd9-d431b6d7ee39,ocd-division/country:us/state:tx/county:king/council_district:2,tx,King County Commissioner Precinct 2
b25b42aa-cc45-5a28-a9c6-98fdbf39f2c1,ocd-division/country:us/state:tx/county:king/council_district:3,tx,King County Commissioner Precinct 3
92ca2a29-59da-53c6-a28e-4d38be7f9e38,ocd-division/country:us/state:tx/county:king/council_district:4,tx,King County Commissioner Precinct 4
a99f292c-1546-5e3a-8fff-991ae49eb744,ocd-division/country:us/state:tx/county:kinney/council_district:1,tx,Kinney County Commissioner Precinct 1
cbe93769-6f28-56c1-9713-e5609f24c127,ocd-division/country:us/state:tx/county:kinney/council_district:2,tx,Kinney County Commissioner Precinct 2
ad4ce251-f3e7-57f7-a57b-eff88d647706,ocd-division/country:us/state:tx/county:kinney/council_district:3,tx,Kinney County Commissioner Precinct 3
1cdc646e-0dd8-5143-9d8c-ec552ff4678d,ocd-division/country:us/state:tx/county:kinney/council_district:4,tx,Kinney County Commissioner Precinct 4
304848b0-e1eb-5b52-95ee-ff955df56d0c,ocd-division/country:us/state:tx/county:kleberg/council_district:1,tx,Kleberg County Commissioner Precinct 1
fa877d01-e186-544b-9847-db0e92a77c35,ocd-division/country:us/state:tx/county:kleberg/council_district:2,tx,Kleberg County Commissioner Precinct 2
df0815ac-a748-5802-a684-5386beefb3ce,ocd-division/country:us/state:tx/county:kleberg/council_district:3,tx,Kleberg County Commissioner Precinct 3
fa54e44b-a8ee-5bf8-add4-b3dc87820250,ocd-division/country:us/state:tx/county:kleberg/council_district:4,tx,Kleberg County Commissioner Precinct 4
a5ee0693-ef8d-5782-9716-b1d77a7c0b9b,ocd-division/country:us/state:tx/county:knox/council_district:1,tx,Knox County Commissioner Precinct 1
27ebacd0-a635-57bd-9fb0-3f9530ba43ad,ocd-division/country:us/state:tx/county:knox/council_district:2,tx,Knox County Commissioner Precinct 2
cfd24ea9-2a1e-549f-8e4e-e80d70cfe4cd,ocd-division/country:us/state:tx/county:knox/council_district:3,tx,Knox County Commissioner Precinct 3
1b33a7ca-6e63-57ef-ab44-74ffec1c07ed,ocd-division/country:us/state:tx/county:knox/council_district:4,tx,Knox County Commissioner Precinct 4
6f9fe329-89f1-582b-b5dd-b1d0d8579486,ocd-division/country:us/state:tx/county:la_salle/council_district:1,tx,La Salle County Commissioner Precinct 1
adccc60f-7565-514c-ad64-1c185370a27b,ocd-division/country:us/state:tx/county:la_salle/council_district:2,tx,La Salle County Commissioner Precinct 2
31fe50d0-3998-5af9-912c-a3decfccf888,ocd-division/country:us/state:tx/county:la_salle/council_district:3,tx,La Salle County Commissioner Precinct 3
3619c49c-aa04-5d99-885b-1dc16a91ca12,ocd-division/country:us/state:tx/county:la_salle/council_district:4,tx,La Salle County Commissioner Precinct 4
91866afd-54ef-52e3-8e5d-6339d539323a,ocd-division/country:us/state:tx/county:lamar/council_district:1,tx,Lamar County Commissioner Precinct 1
5fde70ec-db4c-5975-923c-67ea706ac71c,ocd-division/country:us/state:tx/county:lamar/council_district:2,tx,Lamar County Commissioner Precinct 2
cd2669b3-824f-5ebd-b250-d18a3fc01bbb,ocd-division/country:us/state:tx/county:lamar/council_district:3,tx,Lamar County Commissioner Precinct 3
09477fac-c446-5c41-a12b-4ab0159d8699,ocd-division/country:us/state:tx/county:lamar/council_district:4,tx,Lamar County Commissioner Precinct 4
9f50d87c-7b66-51ea-b854-917eaa61a493,ocd-division/country:us/state:tx/county:lamb/council_district:1,tx,Lamb County Commissioner Precinct 1
ad3ee264-1705-53a9-89ca-e56322940ce8,ocd-division/country:us/state:tx/county:lamb/council_district:2,tx,Lamb County Commissioner Precinct 2
d6879e40-028e-5e74-8da0-5d3a0fd362f2,ocd-division/country:us/state:tx/county:lamb/council_district:3,tx,Lamb County Commissioner Precinct 3
90184ed1-4c8f-56dc-a557-b13fca3f5b6a,ocd-division/country:us/state:tx/county:lamb/council_district:4,tx,Lamb County Commissioner Precinct 4
9261ee64-ef01-5871-b4f7-8bdc35a353fc,ocd-division/country:us/state:tx/county:lampasas/council_district:1,tx,Lampasas County Commissioner Precinct 1
d6d2da06-ce62-5163-8cb2-0b9bb2f23bf5,ocd-division/country:us/state:tx/county:lampasas/council_district:2,tx,Lampasas County Commissioner Precinct 2
73f419ea-48f3-54ed-90aa-f6fa93ace85b,ocd-division/country:us/state:tx/county:lampasas/council_district:3,tx,Lampasas County Commissioner Precinct 3
d3fadf2a-8471-5b22-8528-61983a8a3827,ocd-division/country:us/state:tx/county:lampasas/council_district:4,tx,Lampasas County Commissioner Precinct 4
b4d491aa-0064-5f24-8035-5c209d5d4e6f,ocd-division/country:us/state:tx/county:lavaca/council_district:1,tx,Lavaca County Commissioner Precinct 1
1a509afc-4e16-57e3-a32f-8260d596cbfa,ocd-division/country:us/state:tx/county:lavaca/council_district:2,tx,Lavaca County Commissioner Precinct 2
ef455ad3-5f22-5bba-97a9-1e7d5b49b7b4,ocd-division/country:us/state:tx/county:lavaca/council_district:3,tx,Lavaca County Commissioner Precinct 3
1d16d6a7-d9ed-5b36-8005-31404d0ba209,ocd-division/country:us/state:tx/county:lavaca/council_district:4,tx,Lavaca County Commissioner Precinct 4
f24cf186-9281-5698-816a-5b692309855c,ocd-division/country:us/state:tx/county:lee/council_district:1,tx,Lee County Commissioner Precinct 1
4f9e0e90-9e9d-5126-b2a6-6ff85dad05b5,ocd-division/country:us/state:tx/county:lee/council_district:2,tx,Lee County Commissioner Precinct 2
11685064-f1fe-5ddc-a65b-279d6107c6c0,ocd-division/country:us/state:tx/county:lee/council_district:3,tx,Lee County Commissioner Precinct 3
9e1dd56a-3be3-5c59-8e99-ef1cdc1a11be,ocd-division/country:us/state:tx/county:lee/council_district:4,tx,Lee County Commissioner Precinct 4
5cf472ed-1064-58d2-9beb-ec010f5b2675,ocd-division/country:us/state:tx/county:leon/council_district:1,tx,Leon County Commissioner Precinct 1
e730eac7-43ee-5ced-9067-2dfdb370e32c,ocd-division/country:us/state:tx/county:leon/council_district:2,tx,Leon County Commissioner Precinct 2
4639a3e7-e1e3-55dc-a862-4dccb8bbeffe,ocd-division/country:us/state:tx/county:leon/council_district:3,tx,Leon County Commissioner Precinct 3
bd3d1498-3455-58e5-8f76-2fecfc5567e9,ocd-division/country:us/state:tx/county:leon/council_district:4,tx,Leon County Commissioner Precinct 4
c6d69fe8-928c-52cf-8d09-a9413401282f,ocd-division/country:us/state:tx/county:liberty/council_district:1,tx,Liberty County Commissioner Precinct 1
8c245b60-a849-50bb-811e-80eee862e52d,ocd-division/country:us/state:tx/county:liberty/council_district:2,tx,Liberty County Commissioner Precinct 2
d7bcacd3-edbb-5931-9af6-3a7248859d02,ocd-division/country:us/state:tx/county:liberty/council_district:3,tx,Liberty County Commissioner Precinct 3
c8c3ac42-7286-59fe-bf0a-21ca715676d7,ocd-division/country:us/state:tx/county:liberty/council_district:4,tx,Liberty County Commissioner Precinct 4
9b98b45c-2219-58da-b397-bbdafc193736,ocd-division/country:us/state:tx/county:limestone/council_district:1,tx,Limestone County Commissioner Precinct 1
23d80df6-1f8c-5639-827a-3866d9029dee,ocd-division/country:us/state:tx/county:limestone/council_district:2,tx,Limestone County Commissioner Precinct 2
fb4a42da-b914-5dfc-8863-ce673386b4ad,ocd-division/country:us/state:tx/county:limestone/council_district:3,tx,Limestone County Commissioner Precinct 3
23a56b84-5e54-5b74-9528-e72e63dbddc2,ocd-division/country:us/state:tx/county:limestone/council_district:4,tx,Limestone County Commissioner Precinct 4
0f5d2894-14e6-5cbc-bdb0-2e11ec0ab30e,ocd-division/country:us/state:tx/county:lipscomb/council_district:1,tx,Lipscomb County Commissioner Precinct 1
62dbcdda-2145-5b12-9172-5f96a2f424fb,ocd-division/country:us/state:tx/county:lipscomb/council_district:2,tx,Lipscomb County Commissioner Precinct 2
881b1091-a1d4-5873-ab9d-7e8278dd48dd,ocd-division/country:us/state:tx/county:lipscomb/council_district:3,tx,Lipscomb County Commissioner Precinct 3
531a0bdd-f974-51c5-9687-67c9dffc5e4c,ocd-division/country:us/state:tx/county:lipscomb/council_district:4,tx,Lipscomb County Commissioner Precinct 4
9b04644a-6492-5891-aa5e-38f55a1f1529,ocd-division/country:us/state:tx/county:live_oak/council_district:1,tx,Live Oak County Commissioner Precinct 1
e4e7f2ce-7b00-550d-9950-66d29bcc9187,ocd-division/country:us/state:tx/county:live_oak/council_district:2,tx,Live Oak County Commissioner Precinct 2
f2c14e8a-cf59-5bcd-a408-d2fbbb25c16b,ocd-division/country:us/state:tx/county:live_oak/council_district:3,tx,Live Oak County Commissioner Precinct 3
84b718bb-6a9e-5ccf-bd1e-c84fee118bcd,ocd-division/country:us/state:tx/county:live_oak/council_district:4,tx,Live Oak County Commissioner Precinct 4
a4cba212-ca34-5a32-b28c-1035a21eed17,ocd-division/country:us/state:tx/county:llano/council_district:1,tx,Llano County Commissioner Precinct 1
28835af0-9e93-595c-badf-e7ad9b497992,ocd-division/country:us/state:tx/county:llano/council_district:2,tx,Llano County Commissioner Precinct 2
3af487f8-1b45-5401-ab99-e843008840bb,ocd-division/country:us/state:tx/county:llano/council_district:3,tx,Llano County Commissioner Precinct 3
75161e53-f9b5-5246-8525-79f177ff3882,ocd-division/country:us/state:tx/county:llano/council_district:4,tx,Llano County Commissioner Precinct 4
49c4b9e9-d186-51ce-8ae9-78016b3231e3,ocd-division/country:us/state:tx/county:loving/council_district:1,tx,Loving County Commissioner Precinct 1
84049870-00a1-5861-8f1c-17368dd8e081,ocd-division/country:us/state:tx/county:loving/council_district:2,tx,Loving County Commissioner Precinct 2
7ffc0419-ff97-5e47-9313-ca5e51e7fdd3,ocd-division/country:us/state:tx/county:loving/council_district:3,tx,Loving County Commissioner Precinct 3
0f845af9-9884-5aa5-87b1-78551c46a957,ocd-division/country:us/state:tx/county:loving/council_district:4,tx,Loving County Commissioner Precinct 4
48e733b9-15a2-5158-bfdb-8648d39baee0,ocd-division/country:us/state:tx/county:lubbock/council_district:1,tx,Lubbock County TX Commissioners Court District 1
7a3a9f5a-87f3-5b4a-87cf-fb06b8131d86,ocd-division/country:us/state:tx/county:lubbock/council_district:2,tx,Lubbock County TX Commissioners Court District 2
79e11bcd-5d22-5ab1-adce-c88795d5ebca,ocd-division/country:us/state:tx/county:lubbock/council_district:3,tx,Lubbock County TX Commissioners Court District 3
ee087785-1b7f-5640-bbad-07327dff3f12,ocd-division/country:us/state:tx/county:lubbock/council_district:4,tx,Lubbock County TX Commissioners Court District 4
48e46dba-3308-5174-a957-2c47ff86ae31,ocd-division/country:us/state:tx/county:lynn/council_district:1,tx,Lynn County Commissioner Precinct 1
7ef9237c-eea7-59ff-a6bb-cff488d93610,ocd-division/country:us/state:tx/county:lynn/council_district:2,tx,Lynn County Commissioner Precinct 2
668d2c53-b4ce-5be9-b222-81eedd1ea4f9,ocd-division/country:us/state:tx/county:lynn/council_district:3,tx,Lynn County Commissioner Precinct 3
165d11a8-f5fd-5b11-9fad-09800e2d974d,ocd-division/country:us/state:tx/county:lynn/council_district:4,tx,Lynn County Commissioner Precinct 4
c3c2e2fe-dcab-5c3c-83e2-e3f0cb3af6e7,ocd-division/country:us/state:tx/county:madison/council_district:1,tx,Madison County Commissioner Precinct 1
bbb8646d-8cbd-537c-b630-c31baca51550,ocd-division/country:us/state:tx/county:madison/council_district:2,tx,Madison County Commissioner Precinct 2
8343bd1d-6d61-5f71-8bda-eded5952ac73,ocd-division/country:us/state:tx/county:madison/council_district:3,tx,Madison County Commissioner Precinct 3
609b91c2-be03-5cc1-bd35-557239965787,ocd-division/country:us/state:tx/county:madison/council_district:4,tx,Madison County Commissioner Precinct 4
5cf2a497-cb0b-504f-a304-3ae552b0eaf9,ocd-division/country:us/state:tx/county:marion/council_district:1,tx,Marion County Commissioner Precinct 1
301e1738-bf1f-5a47-bcc9-1f0147aa17bd,ocd-division/country:us/state:tx/county:marion/council_district:2,tx,Marion County Commissioner Precinct 2
67a5f984-9844-5923-85a9-06685184a7b8,ocd-division/country:us/state:tx/county:marion/council_district:3,tx,Marion County Commissioner Precinct 3
e4812259-dc57-538f-89f2-f0595d8fd805,ocd-division/country:us/state:tx/county:marion/council_district:4,tx,Marion County Commissioner Precinct 4
cdb6f121-9014-5810-ae11-8af4231cf4d0,ocd-division/country:us/state:tx/county:martin/council_district:1,tx,Martin County Commissioner Precinct 1
e87f345e-0beb-550c-8ad5-4e234a04645c,ocd-division/country:us/state:tx/county:martin/council_district:2,tx,Martin County Commissioner Precinct 2
ec2b059e-89a6-52f0-9098-8862027b7546,ocd-division/country:us/state:tx/county:martin/council_district:3,tx,Martin County Commissioner Precinct 3
c3cb7ea5-7d73-54c1-aeb3-d371badf3fd3,ocd-division/country:us/state:tx/county:martin/council_district:4,tx,Martin County Commissioner Precinct 4
ef7b0844-7353-5103-a1b6-01c6e16d6564,ocd-division/country:us/state:tx/county:mason/council_district:1,tx,Mason County Commissioner Precinct 1
3bcc0337-abc9-5e42-8a35-7d04e4225845,ocd-division/country:us/state:tx/county:mason/council_district:2,tx,Mason County Commissioner Precinct 2
1ccba717-aa58-5589-b763-c96592ff0d54,ocd-division/country:us/state:tx/county:mason/council_district:3,tx,Mason County Commissioner Precinct 3
3d349df6-86ae-5134-9b4f-f7bf380c4022,ocd-division/country:us/state:tx/county:mason/council_district:4,tx,Mason County Commissioner Precinct 4
3b2fbf06-c671-592d-bd1a-30c40855bced,ocd-division/country:us/state:tx/county:matagorda/council_district:1,tx,Matagorda County Commissioner Precinct 1
e6186052-d903-5eda-bdf3-50f99647256c,ocd-division/country:us/state:tx/county:matagorda/council_district:2,tx,Matagorda County Commissioner Precinct 2
eb1b876e-fa6c-5d90-aba6-8957b7a01c68,ocd-division/country:us/state:tx/county:matagorda/council_district:3,tx,Matagorda County Commissioner Precinct 3
0b3d9b12-59b9-5d6f-9e50-6c568b0c639b,ocd-division/country:us/state:tx/county:matagorda/council_district:4,tx,Matagorda County Commissioner Precinct 4
42ef4f9f-ed44-5abf-9d10-09bb247a8125,ocd-division/country:us/state:tx/county:maverick/council_district:1,tx,Maverick County Commissioner Precinct 1
0c641ecc-77bb-58d9-950b-6d2b8e9d6fd5,ocd-division/country:us/state:tx/county:maverick/council_district:2,tx,Maverick County Commissioner Precinct 2
4bd1cb34-951a-5a5f-81c9-60769bf363ab,ocd-division/country:us/state:tx/county:maverick/council_district:3,tx,Maverick County Commissioner Precinct 3
664505e7-babf-5795-9697-47e87b008857,ocd-division/country:us/state:tx/county:maverick/council_district:4,tx,Maverick County Commissioner Precinct 4
b2dc0d1b-84d4-52c4-be46-8113d7eb1d88,ocd-division/country:us/state:tx/county:mcculloch/council_district:1,tx,Mcculloch County Commissioner Precinct 1
fce490e1-c95b-5669-a0cd-ab9cdf6c997a,ocd-division/country:us/state:tx/county:mcculloch/council_district:2,tx,Mcculloch County Commissioner Precinct 2
380249b9-8262-5331-859d-fb4be7d8154f,ocd-division/country:us/state:tx/county:mcculloch/council_district:3,tx,Mcculloch County Commissioner Precinct 3
694646c5-250b-52ab-931c-6670292c0a82,ocd-division/country:us/state:tx/county:mcculloch/council_district:4,tx,Mcculloch County Commissioner Precinct 4
38cf3930-5fc1-5963-a380-346af5de9132,ocd-division/country:us/state:tx/county:mclennan/council_district:1,tx,McLellan County TX Commissioners Court District 1
2ad9dcd4-4cb0-5f49-b3b6-322f77eaec36,ocd-division/country:us/state:tx/county:mclennan/council_district:2,tx,McLellan County TX Commissioners Court District 2
7fa1ba84-b1d9-5b06-b5e3-286d7b4dc9b8,ocd-division/country:us/state:tx/county:mclennan/council_district:3,tx,McLellan County TX Commissioners Court District 3
023dda3d-8066-5949-8355-f6999a5ab786,ocd-division/country:us/state:tx/county:mclennan/council_district:4,tx,McLellan County TX Commissioners Court District 4
2bc41d87-28d7-5609-8656-7bbe5e595cee,ocd-division/country:us/state:tx/county:mcmullen/council_district:1,tx,Mcmullen County Commissioner Precinct 1
a663b0d6-a0c2-5181-a1a1-d84a36cce866,ocd-division/country:us/state:tx/county:mcmullen/council_district:2,tx,Mcmullen County Commissioner Precinct 2
83748b90-a925-5f35-8fbb-04782752fd33,ocd-division/country:us/state:tx/county:mcmullen/council_district:3,tx,Mcmullen County Commissioner Precinct 3
695267fd-f264-51cc-9b74-7e6a40bb239a,ocd-division/country:us/state:tx/county:mcmullen/council_district:4,tx,Mcmullen County Commissioner Precinct 4
9707fa58-bb2a-5d7a-86cf-44f3f3bbb5e6,ocd-division/country:us/state:tx/county:medina/council_district:1,tx,Medina County Commissioner Precinct 1
a3667504-225c-58c4-a837-d61bac8b9b4c,ocd-division/country:us/state:tx/county:medina/council_district:2,tx,Medina County Commissioner Precinct 2
2569ad12-54cf-50d5-a53d-227105312149,ocd-division/country:us/state:tx/county:medina/council_district:3,tx,Medina County Commissioner Precinct 3
405033a5-667b-525b-99c6-ed7cdd715766,ocd-division/country:us/state:tx/county:medina/council_district:4,tx,Medina County Commissioner Precinct 4
178230f1-46f9-5c26-928b-a7f0c8bd4762,ocd-division/country:us/state:tx/county:menard/council_district:1,tx,Menard County Commissioner Precinct 1
d41a6a25-328c-531c-9a9b-d28b65a83a70,ocd-division/country:us/state:tx/county:menard/council_district:2,tx,Menard County Commissioner Precinct 2
d4e8bfff-2ad1-5416-affe-fb48ccd43145,ocd-division/country:us/state:tx/county:menard/council_district:3,tx,Menard County Commissioner Precinct 3
a9d6c80f-cf12-5e05-bcec-8199839e6c40,ocd-division/country:us/state:tx/county:menard/council_district:4,tx,Menard County Commissioner Precinct 4
68013e1a-f315-52e1-b83b-6c6ab05a76a7,ocd-division/country:us/state:tx/county:midland/council_district:1,tx,Midland County Commissioner Precinct 1
5092e26b-8430-5186-9deb-b743a8d074b7,ocd-division/country:us/state:tx/county:midland/council_district:2,tx,Midland County Commissioner Precinct 2
d3d8139e-6c0d-56b8-abc5-af5d22f9f6a2,ocd-division/country:us/state:tx/county:midland/council_district:3,tx,Midland County Commissioner Precinct 3
6f89fae9-b31a-5bf2-b460-cf75471f3d63,ocd-division/country:us/state:tx/county:midland/council_district:4,tx,Midland County Commissioner Precinct 4
85ffd648-0f4f-590b-8f21-fcb8977f79c9,ocd-division/country:us/state:tx/county:milam/council_district:1,tx,Milam County Commissioner Precinct 1
9fc38809-e4e0-5fdf-86da-4c613fa79e33,ocd-division/country:us/state:tx/county:milam/council_district:2,tx,Milam County Commissioner Precinct 2
6e85a850-9fba-5acc-bbaf-2a64fc358191,ocd-division/country:us/state:tx/county:milam/council_district:3,tx,Milam County Commissioner Precinct 3
572612c6-083d-5ac2-b4c9-35733fc37377,ocd-division/country:us/state:tx/county:milam/council_district:4,tx,Milam County Commissioner Precinct 4
8370c588-4406-51c4-89da-7c43680a7d49,ocd-division/country:us/state:tx/county:mills/council_district:1,tx,Mills County Commissioner Precinct 1
5d72def4-8ef3-5360-b3fd-542c1609d955,ocd-division/country:us/state:tx/county:mills/council_district:2,tx,Mills County Commissioner Precinct 2
6be7493d-57f5-50c2-b48e-9d17cd39c9be,ocd-division/country:us/state:tx/county:mills/council_district:3,tx,Mills County Commissioner Precinct 3
0bdb10f3-0442-5638-8ac2-b86ce33f57f1,ocd-division/country:us/state:tx/county:mills/council_district:4,tx,Mills County Commissioner Precinct 4
708c6db2-695c-558a-8ee2-9aadbaf13bde,ocd-division/country:us/state:tx/county:mitchell/council_district:1,tx,Mitchell County Commissioner Precinct 1
66f468ec-8df3-5152-8841-1a3de4865a06,ocd-division/country:us/state:tx/county:mitchell/council_district:2,tx,Mitchell County Commissioner Precinct 2
8e4f4a6c-e49d-5dbd-a2d1-a845b849f192,ocd-division/country:us/state:tx/county:mitchell/council_district:3,tx,Mitchell County Commissioner Precinct 3
63445952-cdb2-52e0-bb29-8e38adb973f0,ocd-division/country:us/state:tx/county:mitchell/council_district:4,tx,Mitchell County Commissioner Precinct 4
a215b1cb-8eb5-5b2f-a8f1-764376e9f79e,ocd-division/country:us/state:tx/county:montague/council_district:1,tx,Montague County Commissioner Precinct 1
55ed131f-2e1a-5627-9d3b-b350238846be,ocd-division/country:us/state:tx/county:montague/council_district:2,tx,Montague County Commissioner Precinct 2
a5b7ead3-40b0-57b1-b591-df82d1b22f5b,ocd-division/country:us/state:tx/county:montague/council_district:3,tx,Montague County Commissioner Precinct 3
236f313c-be38-5db1-953b-b3bab389a12f,ocd-division/country:us/state:tx/county:montague/council_district:4,tx,Montague County Commissioner Precinct 4
41416f1f-7c6c-5cb0-be11-600779372191,ocd-division/country:us/state:tx/county:montgomery/council_district:1,tx,Montgomery County TX Commissioners Court District 1
a829b9ef-19ad-520a-b86f-8426ebcf25a4,ocd-division/country:us/state:tx/county:montgomery/council_district:2,tx,Montgomery County TX Commissioners Court District 2
db36b1b0-7f2d-50b3-ac1a-86226ecaaa9c,ocd-division/country:us/state:tx/county:montgomery/council_district:3,tx,Montgomery County TX Commissioners Court District 3
8f06309a-3e60-5b63-a5e7-534e0678f905,ocd-division/country:us/state:tx/county:montgomery/council_district:4,tx,Montgomery County TX Commissioners Court District 4
5d07a5eb-4961-5978-ad28-b5dea1495c1d,ocd-division/country:us/state:tx/county:moore/council_district:1,tx,Moore County Commissioner Precinct 1
f1a16adf-b440-5c7d-8b57-b32fa2dc026a,ocd-division/country:us/state:tx/county:moore/council_district:2,tx,Moore County Commissioner Precinct 2
e316d34d-2c88-5d07-b008-5f038ac498cf,ocd-division/country:us/state:tx/county:moore/council_district:3,tx,Moore County Commissioner Precinct 3
24bf6fe1-a82c-5777-9db4-832c8bce0765,ocd-division/country:us/state:tx/county:moore/council_district:4,tx,Moore County Commissioner Precinct 4
c6692f09-d310-5ee9-af91-b61aad264d95,ocd-division/country:us/state:tx/county:morris/council_district:1,tx,Morris County Commissioner Precinct 1
cdb4f695-7ba0-5b83-8b25-50c4c908ccee,ocd-division/country:us/state:tx/county:morris/council_district:2,tx,Morris County Commissioner Precinct 2
1bfd71d1-3334-5f86-99ee-9927bd9ca084,ocd-division/country:us/state:tx/county:morris/council_district:3,tx,Morris County Commissioner Precinct 3
a453937b-f022-5a99-85bc-fc0b23f5a54e,ocd-division/country:us/state:tx/county:morris/council_district:4,tx,Morris County Commissioner Precinct 4
09beac75-1729-518b-aaf1-2c018b99d49c,ocd-division/country:us/state:tx/county:motley/council_district:1,tx,Motley County Commissioner Precinct 1
7495ac32-b0ab-5d97-bed2-e868a418947c,ocd-division/country:us/state:tx/county:motley/council_district:2,tx,Motley County Commissioner Precinct 2
f52080ef-345b-5fd9-876f-913f7629f782,ocd-division/country:us/state:tx/county:motley/council_district:3,tx,Motley County Commissioner Precinct 3
3da462c7-cc57-53fd-8048-a188b0197e31,ocd-division/country:us/state:tx/county:motley/council_district:4,tx,Motley County Commissioner Precinct 4
874faa09-3f44-502f-b663-ced52d477880,ocd-division/country:us/state:tx/county:nacogdoches/council_district:1,tx,Nacogdoches County Commissioner Precinct 1
c6e6c60e-908e-5f26-beda-892075bd895e,ocd-division/country:us/state:tx/county:nacogdoches/council_district:2,tx,Nacogdoches County Commissioner Precinct 2
c1ac6d7a-0b17-52ac-8f6d-1363a3f23d90,ocd-division/country:us/state:tx/county:nacogdoches/council_district:3,tx,Nacogdoches County Commissioner Precinct 3
e73b19a7-55ed-5a6e-b461-b9266cf897be,ocd-division/country:us/state:tx/county:nacogdoches/council_district:4,tx,Nacogdoches County Commissioner Precinct 4
f14e656b-3a8a-5090-abf5-7e4a87684f84,ocd-division/country:us/state:tx/county:navarro/council_district:1,tx,Navarro County Commissioner Precinct 1
c1c27d84-c7a1-56ee-abda-9f663f605843,ocd-division/country:us/state:tx/county:navarro/council_district:2,tx,Navarro County Commissioner Precinct 2
028b1c17-5da6-5b82-9402-386888baa79a,ocd-division/country:us/state:tx/county:navarro/council_district:3,tx,Navarro County Commissioner Precinct 3
69181f66-e45f-50e5-bb2f-fb867b9a9702,ocd-division/country:us/state:tx/county:navarro/council_district:4,tx,Navarro County Commissioner Precinct 4
8fb83c7e-5981-5ad3-b758-ece8b3483d59,ocd-division/country:us/state:tx/county:newton/council_district:1,tx,Newton County Commissioner Precinct 1
8dceaaa8-ad5b-5563-8187-03ddec0cbc23,ocd-division/country:us/state:tx/county:newton/council_district:2,tx,Newton County Commissioner Precinct 2
e0049b80-515d-581c-93ae-79d77568ba59,ocd-division/country:us/state:tx/county:newton/council_district:3,tx,Newton County Commissioner Precinct 3
9ed61c5c-7f57-5d08-b569-e0b355d59915,ocd-division/country:us/state:tx/county:newton/council_district:4,tx,Newton County Commissioner Precinct 4
2442f245-3e2f-5c4a-ad63-42209c8449fd,ocd-division/country:us/state:tx/county:nolan/council_district:1,tx,Nolan County Commissioner Precinct 1
b0fcd9bc-2bfb-5a8c-9397-619898e1846d,ocd-division/country:us/state:tx/county:nolan/council_district:2,tx,Nolan County Commissioner Precinct 2
09e086c1-e972-5a1f-9196-70b4fec40035,ocd-division/country:us/state:tx/county:nolan/council_district:3,tx,Nolan County Commissioner Precinct 3
4b2e5780-795c-5b4d-ad34-0d54ecbe83f2,ocd-division/country:us/state:tx/county:nolan/council_district:4,tx,Nolan County Commissioner Precinct 4
17700d0b-8c90-5517-a830-8f5bf4257e46,ocd-division/country:us/state:tx/county:nueces/constable_district:1,tx,Nueces County TX Constable-Justice of the Peace District 1
5e694bb6-f565-56c5-afc2-79540bf9fe9e,ocd-division/country:us/state:tx/county:nueces/constable_district:2,tx,Nueces County TX Constable-Justice of the Peace District 2
4b393fb6-b4d9-557d-925c-47625877aff1,ocd-division/country:us/state:tx/county:nueces/constable_district:3,tx,Nueces County TX Constable-Justice of the Peace District 3
cbc35475-8ca3-5865-8dcb-32247dc5c85f,ocd-division/country:us/state:tx/county:nueces/constable_district:4,tx,Nueces County TX Constable-Justice of the Peace District 4
6cf55346-28c8-5831-bf37-d47c1356bed9,ocd-division/country:us/state:tx/county:nueces/constable_district:5,tx,Nueces County TX Constable-Justice of the Peace District 5
70a69eb3-623b-5945-849e-8ce58808757f,ocd-division/country:us/state:tx/county:nueces/council_district:1,tx,Nueces County TX Commissioners Court District 1
1e7ad9cb-15f9-5a4a-aa22-8e4c6efd4e5f,ocd-division/country:us/state:tx/county:nueces/council_district:2,tx,Nueces County TX Commissioners Court District 2
2ec3456e-a6ad-516e-b9f2-92a3eaa84bce,ocd-division/country:us/state:tx/county:nueces/council_district:3,tx,Nueces County TX Commissioners Court District 3
648bb961-f357-5e82-9cd0-a1c7cb1a162f,ocd-division/country:us/state:tx/county:nueces/council_district:4,tx,Nueces County TX Commissioners Court District 4
a9a278ae-413d-5fa2-b9eb-a51839db3f34,ocd-division/country:us/state:tx/county:ochiltree/council_district:1,tx,Ochiltree County Commissioner Precinct 1
3e84d04b-2aa7-5ce7-a43e-09b3acd724f8,ocd-division/country:us/state:tx/county:ochiltree/council_district:2,tx,Ochiltree County Commissioner Precinct 2
155f7b33-0029-5063-9a5a-c32343fc7543,ocd-division/country:us/state:tx/county:ochiltree/council_district:3,tx,Ochiltree County Commissioner Precinct 3
37aa8cd5-aa22-5953-9e02-9482d8b8b6c6,ocd-division/country:us/state:tx/county:ochiltree/council_district:4,tx,Ochiltree County Commissioner Precinct 4
be526198-9087-522f-bd00-98bd03b34cb3,ocd-division/country:us/state:tx/county:oldham/council_district:1,tx,Oldham County Commissioner Precinct 1
c42e3d38-003b-5158-820e-aefeedc2c98d,ocd-division/country:us/state:tx/county:oldham/council_district:2,tx,Oldham County Commissioner Precinct 2
bf21772d-fc2a-50b0-8749-867522e9cb44,ocd-division/country:us/state:tx/county:oldham/council_district:3,tx,Oldham County Commissioner Precinct 3
71d69a34-78c1-5154-8ee8-f310da5c3050,ocd-division/country:us/state:tx/county:oldham/council_district:4,tx,Oldham County Commissioner Precinct 4
a01f4e7c-99ef-5c1c-94b4-cd8dcde881da,ocd-division/country:us/state:tx/county:orange/council_district:1,tx,Orange County Commissioner Precinct 1
f39e6be6-36d4-5b1c-8c25-fa117e53276d,ocd-division/country:us/state:tx/county:orange/council_district:2,tx,Orange County Commissioner Precinct 2
8f8fce28-466e-560f-919e-245cab36fa6c,ocd-division/country:us/state:tx/county:orange/council_district:3,tx,Orange County Commissioner Precinct 3
380641e2-7511-5cdb-85a2-72f11e0a2742,ocd-division/country:us/state:tx/county:orange/council_district:4,tx,Orange County Commissioner Precinct 4
71e21fb3-23cb-5c04-aff3-b50ee76b0295,ocd-division/country:us/state:tx/county:palo_pinto/council_district:1,tx,Palo Pinto County Commissioner Precinct 1
7d4589a6-da16-509f-b89d-f82dff686963,ocd-division/country:us/state:tx/county:palo_pinto/council_district:2,tx,Palo Pinto County Commissioner Precinct 2
7ba90260-9a44-550c-8d32-630886515b66,ocd-division/country:us/state:tx/county:palo_pinto/council_district:3,tx,Palo Pinto County Commissioner Precinct 3
3b80e51b-e73e-5946-aa9a-0ed96146695f,ocd-division/country:us/state:tx/county:palo_pinto/council_district:4,tx,Palo Pinto County Commissioner Precinct 4
4f7a6a00-763d-563b-9c62-4ac66a9969b9,ocd-division/country:us/state:tx/county:panola/council_district:1,tx,Panola County Commissioner Precinct 1
5cbb8947-8c26-5dd4-b424-6bd62eb7c8bd,ocd-division/country:us/state:tx/county:panola/council_district:2,tx,Panola County Commissioner Precinct 2
359ac0f8-3daf-5e5c-97f4-18d617e9ea22,ocd-division/country:us/state:tx/county:panola/council_district:3,tx,Panola County Commissioner Precinct 3
f8a98d52-af5f-54a4-bb3e-1412edff290e,ocd-division/country:us/state:tx/county:panola/council_district:4,tx,Panola County Commissioner Precinct 4
8f9c53ac-183e-5252-aa1c-b0f3bd49707a,ocd-division/country:us/state:tx/county:parker/council_district:1,tx,Parker County Commissioner Precinct 1
ab17ef41-29c6-59aa-b9df-fc93469b4220,ocd-division/country:us/state:tx/county:parker/council_district:2,tx,Parker County Commissioner Precinct 2
95de69a2-540a-5dba-b9d1-ec6ce11c7ccb,ocd-division/country:us/state:tx/county:parker/council_district:3,tx,Parker County Commissioner Precinct 3
1fdee592-b4f4-50d6-b577-4248ac069770,ocd-division/country:us/state:tx/county:parker/council_district:4,tx,Parker County Commissioner Precinct 4
42c27e6c-25db-57df-beb1-b3aa36a25980,ocd-division/country:us/state:tx/county:parmer/council_district:1,tx,Parmer County Commissioner Precinct 1
fef64e7d-6d8c-560e-97af-1c7d50bd6d10,ocd-division/country:us/state:tx/county:parmer/council_district:2,tx,Parmer County Commissioner Precinct 2
38dc449f-93b1-5022-ae84-a5ab559a999b,ocd-division/country:us/state:tx/county:parmer/council_district:3,tx,Parmer County Commissioner Precinct 3
49dab40c-f2fb-5524-85c8-da066f0444d6,ocd-division/country:us/state:tx/county:parmer/council_district:4,tx,Parmer County Commissioner Precinct 4
7b70b045-fc24-56e2-8c56-14d9b403a0c4,ocd-division/country:us/state:tx/county:pecos/council_district:1,tx,Pecos County Commissioner Precinct 1
e7696274-411f-590f-9a06-c30300358d39,ocd-division/country:us/state:tx/county:pecos/council_district:2,tx,Pecos County Commissioner Precinct 2
7ac307ae-cf0f-537c-befc-5a3e2cb563bf,ocd-division/country:us/state:tx/county:pecos/council_district:3,tx,Pecos County Commissioner Precinct 3
c5cdad51-2387-5217-bfbe-b5544a5c9640,ocd-division/country:us/state:tx/county:pecos/council_district:4,tx,Pecos County Commissioner Precinct 4
36bedc21-bbd1-5b57-9581-abb788148d3a,ocd-division/country:us/state:tx/county:polk/council_district:1,tx,Polk County Commissioner Precinct 1
69349056-3f07-505c-88b8-ee2d04d56040,ocd-division/country:us/state:tx/county:polk/council_district:2,tx,Polk County Commissioner Precinct 2
ea8f08af-7fdc-5008-8f57-99cd47f936c7,ocd-division/country:us/state:tx/county:polk/council_district:3,tx,Polk County Commissioner Precinct 3
672c8ee5-62df-59d6-842d-bc04b273c5ac,ocd-division/country:us/state:tx/county:polk/council_district:4,tx,Polk County Commissioner Precinct 4
1e28f25f-d636-51ef-a1ab-c56fcda66a98,ocd-division/country:us/state:tx/county:potter/council_district:1,tx,Potter County Commissioner Precinct 1
a5b13361-d1ab-550f-ab93-ee285d4a27b4,ocd-division/country:us/state:tx/county:potter/council_district:2,tx,Potter County Commissioner Precinct 2
6b26550e-a8eb-567d-ac72-81a66b68efa4,ocd-division/country:us/state:tx/county:potter/council_district:3,tx,Potter County Commissioner Precinct 3
bdec17f8-76ef-5787-bd07-78d0e91f8a46,ocd-division/country:us/state:tx/county:potter/council_district:4,tx,Potter County Commissioner Precinct 4
150ba0ae-eae8-59d4-9bb8-07cc2b443f11,ocd-division/country:us/state:tx/county:presidio/council_district:1,tx,Presidio County Commissioner Precinct 1
4f9208df-1f2f-5489-8b98-d2ceb0e31453,ocd-division/country:us/state:tx/county:presidio/council_district:2,tx,Presidio County Commissioner Precinct 2
5669f45c-606b-5a75-98f2-991d4a07ca3a,ocd-division/country:us/state:tx/county:presidio/council_district:3,tx,Presidio County Commissioner Precinct 3
9a17ebe8-c97b-59c7-a2c4-a3b22d021d28,ocd-division/country:us/state:tx/county:presidio/council_district:4,tx,Presidio County Commissioner Precinct 4
50e666b0-026a-5224-81e4-1cc8af2edc04,ocd-division/country:us/state:tx/county:rains/council_district:1,tx,Rains County Commissioner Precinct 1
e9cef433-b890-520e-b5a6-23f7a64c0aff,ocd-division/country:us/state:tx/county:rains/council_district:2,tx,Rains County Commissioner Precinct 2
1ff5a105-8575-5b0b-bdff-9067d3d89084,ocd-division/country:us/state:tx/county:rains/council_district:3,tx,Rains County Commissioner Precinct 3
1353d587-2492-51dd-a434-b4ddc6e655dc,ocd-division/country:us/state:tx/county:rains/council_district:4,tx,Rains County Commissioner Precinct 4
e6c5b7d6-0a72-5779-bdc4-11560164d3b3,ocd-division/country:us/state:tx/county:randall/council_district:1,tx,Randall County Commissioner Precinct 1
1b9cbffa-4efc-59b1-970e-e69300a82b08,ocd-division/country:us/state:tx/county:randall/council_district:2,tx,Randall County Commissioner Precinct 2
4d400e46-e249-5d2d-9fff-61d144b8e59d,ocd-division/country:us/state:tx/county:randall/council_district:3,tx,Randall County Commissioner Precinct 3
59c92da6-ace5-5d36-b8d5-b0ddedefcc91,ocd-division/country:us/state:tx/county:randall/council_district:4,tx,Randall County Commissioner Precinct 4
0b39aca4-8eb7-5f2c-bc25-e7f37704e1ea,ocd-division/country:us/state:tx/county:reagan/council_district:1,tx,Reagan County Commissioner Precinct 1
597ff677-5ef0-51b9-aea3-8fd01e70bc6e,ocd-division/country:us/state:tx/county:reagan/council_district:2,tx,Reagan County Commissioner Precinct 2
ed1dfc41-927a-5943-92f3-14f559eb9323,ocd-division/country:us/state:tx/county:reagan/council_district:3,tx,Reagan County Commissioner Precinct 3
38b7bd02-8224-5bd7-b335-934600f9b808,ocd-division/country:us/state:tx/county:reagan/council_district:4,tx,Reagan County Commissioner Precinct 4
53bf3451-64e2-5b55-a5db-235872d0d4aa,ocd-division/country:us/state:tx/county:real/council_district:1,tx,Real County Commissioner Precinct 1
8f6515c4-01c2-5fee-ae09-d0ef3da32dd8,ocd-division/country:us/state:tx/county:real/council_district:2,tx,Real County Commissioner Precinct 2
96ac6c04-50e8-5724-b5d9-d9aceb53a84b,ocd-division/country:us/state:tx/county:real/council_district:3,tx,Real County Commissioner Precinct 3
b9e34937-638b-5d2a-9856-5eefd5fd0875,ocd-division/country:us/state:tx/county:real/council_district:4,tx,Real County Commissioner Precinct 4
8806a96e-d40a-550c-9ca4-37053acf1e1e,ocd-division/country:us/state:tx/county:red_river/council_district:1,tx,Red River County Commissioner Precinct 1
5e3d2c3f-cbca-5f0f-9639-e34e22c480cf,ocd-division/country:us/state:tx/county:red_river/council_district:2,tx,Red River County Commissioner Precinct 2
cef6944f-6032-5cf3-a202-91e4c2b1c33a,ocd-division/country:us/state:tx/county:red_river/council_district:3,tx,Red River County Commissioner Precinct 3
d52383b7-ee68-5e07-a181-96ec5616d845,ocd-division/country:us/state:tx/county:red_river/council_district:4,tx,Red River County Commissioner Precinct 4
9c0e36bd-4f4e-5c78-8d15-168ea557e01a,ocd-division/country:us/state:tx/county:reeves/council_district:1,tx,Reeves County Commissioner Precinct 1
f86f7797-ff3c-5b53-9916-b4767102ffc9,ocd-division/country:us/state:tx/county:reeves/council_district:2,tx,Reeves County Commissioner Precinct 2
7d5b6806-d41a-583b-80eb-ebc498f3aa06,ocd-division/country:us/state:tx/county:reeves/council_district:3,tx,Reeves County Commissioner Precinct 3
5527323f-8ca4-58ad-8985-478c9a1e2a2b,ocd-division/country:us/state:tx/county:reeves/council_district:4,tx,Reeves County Commissioner Precinct 4
3cd54e19-4513-5973-be40-56b10518c714,ocd-division/country:us/state:tx/county:refugio/council_district:1,tx,Refugio County Commissioner Precinct 1
ea224d47-6135-56c7-bee7-9a9d689fc492,ocd-division/country:us/state:tx/county:refugio/council_district:2,tx,Refugio County Commissioner Precinct 2
1eba4f2e-ba51-5dc1-a8f6-d593ff537f91,ocd-division/country:us/state:tx/county:refugio/council_district:3,tx,Refugio County Commissioner Precinct 3
e7cd9fa8-17d5-5b86-b281-65530cd59bb3,ocd-division/country:us/state:tx/county:refugio/council_district:4,tx,Refugio County Commissioner Precinct 4
011d065b-e555-54c6-9eca-db9218372c81,ocd-division/country:us/state:tx/county:roberts/council_district:1,tx,Roberts County Commissioner Precinct 1
6adf8d8f-59f8-5bc2-be1c-4eede7e39b55,ocd-division/country:us/state:tx/county:roberts/council_district:2,tx,Roberts County Commissioner Precinct 2
858a1297-5aad-5387-8505-8bef985261a5,ocd-division/country:us/state:tx/county:roberts/council_district:3,tx,Roberts County Commissioner Precinct 3
43ba907e-617a-5fe6-9e10-0bc39f3c62c3,ocd-division/country:us/state:tx/county:roberts/council_district:4,tx,Roberts County Commissioner Precinct 4
01dd3678-b562-5be1-9ee5-ea96394b5bf1,ocd-division/country:us/state:tx/county:robertson/council_district:1,tx,Robertson County Commissioner Precinct 1
014f7dc1-c1a1-532d-b7f8-55bc65c7904b,ocd-division/country:us/state:tx/county:robertson/council_district:2,tx,Robertson County Commissioner Precinct 2
ab2afb71-6343-5a90-81c3-8ac4b1bb21ea,ocd-division/country:us/state:tx/county:robertson/council_district:3,tx,Robertson County Commissioner Precinct 3
d9d513b0-71a6-57a0-988d-273014d7499b,ocd-division/country:us/state:tx/county:robertson/council_district:4,tx,Robertson County Commissioner Precinct 4
e02a58ef-2d09-5418-88a3-92d56e97de89,ocd-division/country:us/state:tx/county:rockwall/council_district:1,tx,Rockwall County Commissioner Precinct 1
039aa261-3a2c-522f-ae8f-f63acc9e7344,ocd-division/country:us/state:tx/county:rockwall/council_district:2,tx,Rockwall County Commissioner Precinct 2
c5f099ce-c3cf-5c3c-9c0a-19f32231602b,ocd-division/country:us/state:tx/county:rockwall/council_district:3,tx,Rockwall County Commissioner Precinct 3
5bb2a27f-56e6-5f23-868c-b50b947c30a9,ocd-division/country:us/state:tx/county:rockwall/council_district:4,tx,Rockwall County Commissioner Precinct 4
8f074aa8-29d4-5091-908a-dc02f87b9dc4,ocd-division/country:us/state:tx/county:runnels/council_district:1,tx,Runnels County Commissioner Precinct 1
83b1572e-8fde-57b6-9db3-88088b80b9e3,ocd-division/country:us/state:tx/county:runnels/council_district:2,tx,Runnels County Commissioner Precinct 2
caa43c97-d2ab-5e49-99d1-a4c19582eb2b,ocd-division/country:us/state:tx/county:runnels/council_district:3,tx,Runnels County Commissioner Precinct 3
edade1f0-9796-5311-9ba5-8542836ad1fa,ocd-division/country:us/state:tx/county:runnels/council_district:4,tx,Runnels County Commissioner Precinct 4
917936d7-9af4-5706-beba-b97f37ebead2,ocd-division/country:us/state:tx/county:rusk/council_district:1,tx,Rusk County Commissioner Precinct 1
97ce2f19-5118-55cf-9825-a80ab1917762,ocd-division/country:us/state:tx/county:rusk/council_district:2,tx,Rusk County Commissioner Precinct 2
b508f54a-628e-5687-8d10-9461cdf0da96,ocd-division/country:us/state:tx/county:rusk/council_district:3,tx,Rusk County Commissioner Precinct 3
b13acca7-bb14-5325-83a1-b887cbe93c2e,ocd-division/country:us/state:tx/county:rusk/council_district:4,tx,Rusk County Commissioner Precinct 4
8ebd7170-51f9-5393-86ce-8e288e0740c3,ocd-division/country:us/state:tx/county:sabine/council_district:1,tx,Sabine County Commissioner Precinct 1
2b17aeb2-095d-509e-968b-f8332eb1c5fa,ocd-division/country:us/state:tx/county:sabine/council_district:2,tx,Sabine County Commissioner Precinct 2
ce8e8a4a-03aa-5714-bae6-597902e3d4b2,ocd-division/country:us/state:tx/county:sabine/council_district:3,tx,Sabine County Commissioner Precinct 3
d248b659-4f35-5883-8d71-ce84e1d15219,ocd-division/country:us/state:tx/county:sabine/council_district:4,tx,Sabine County Commissioner Precinct 4
3c48cf18-bf16-5b85-87cd-6d373100a6a9,ocd-division/country:us/state:tx/county:san_augustine/council_district:1,tx,San Augustine County Commissioner Precinct 1
cebc831f-19fb-5739-9843-9cb1cc120f02,ocd-division/country:us/state:tx/county:san_augustine/council_district:2,tx,San Augustine County Commissioner Precinct 2
69e644bd-27c1-56ae-ab58-d7ee545855e2,ocd-division/country:us/state:tx/county:san_augustine/council_district:3,tx,San Augustine County Commissioner Precinct 3
e686093a-8bcb-53ae-9d55-a64f15eac0ac,ocd-division/country:us/state:tx/county:san_augustine/council_district:4,tx,San Augustine County Commissioner Precinct 4
3e59c8f2-f7e8-53c2-97b8-22e9e15cf984,ocd-division/country:us/state:tx/county:san_jacinto/council_district:1,tx,San Jacinto County Commissioner Precinct 1
b7e8679e-75d0-5860-b86f-749f2616811c,ocd-division/country:us/state:tx/county:san_jacinto/council_district:2,tx,San Jacinto County Commissioner Precinct 2
8a96a6af-eb9a-58b6-bf20-02af1eb05e58,ocd-division/country:us/state:tx/county:san_jacinto/council_district:3,tx,San Jacinto County Commissioner Precinct 3
7a3ac57c-016a-5419-83d3-e88101a56367,ocd-division/country:us/state:tx/county:san_jacinto/council_district:4,tx,San Jacinto County Commissioner Precinct 4
5f4f278e-44f5-5f7d-aee8-297e0c1f3ab8,ocd-division/country:us/state:tx/county:san_patricio/council_district:1,tx,San Patricio County Commissioner Precinct 1
fd6fab61-f35e-5cc7-9e65-1b6bbaa6ad72,ocd-division/country:us/state:tx/county:san_patricio/council_district:2,tx,San Patricio County Commissioner Precinct 2
32a72ff7-c766-5589-8bb0-742d1537e104,ocd-division/country:us/state:tx/county:san_patricio/council_district:3,tx,San Patricio County Commissioner Precinct 3
7c1be139-2bcf-50bc-b51b-a61271cc2a89,ocd-division/country:us/state:tx/county:san_patricio/council_district:4,tx,San Patricio County Commissioner Precinct 4
432da57b-28a5-5471-ab84-c718002916d2,ocd-division/country:us/state:tx/county:san_saba/council_district:1,tx,San Saba County Commissioner Precinct 1
c121d115-f464-5da2-92fb-6cfe79ca7562,ocd-division/country:us/state:tx/county:san_saba/council_district:2,tx,San Saba County Commissioner Precinct 2
8c26a670-e824-5ce8-a15d-1b1e041920f6,ocd-division/country:us/state:tx/county:san_saba/council_district:3,tx,San Saba County Commissioner Precinct 3
fc1a62a4-1ef9-5a01-bd94-25aeeab2e38a,ocd-division/country:us/state:tx/county:san_saba/council_district:4,tx,San Saba County Commissioner Precinct 4
3c4bfce7-8928-5659-8ed8-77abb3c5c490,ocd-division/country:us/state:tx/county:schleicher/council_district:1,tx,Schleicher County Commissioner Precinct 1
c37c914e-c176-5889-a1a1-433c5d7dfc98,ocd-division/country:us/state:tx/county:schleicher/council_district:2,tx,Schleicher County Commissioner Precinct 2
289db66c-c868-52c1-8dbc-2a13e0b76a29,ocd-division/country:us/state:tx/county:schleicher/council_district:3,tx,Schleicher County Commissioner Precinct 3
f8a1884f-d491-58c7-a01d-07a46ac78fc2,ocd-division/country:us/state:tx/county:schleicher/council_district:4,tx,Schleicher County Commissioner Precinct 4
dc3f1c87-4aad-5cdd-b99e-4f63adcd37a3,ocd-division/country:us/state:tx/county:scurry/council_district:1,tx,Scurry County Commissioner Precinct 1
eebbba4f-52c8-5a04-894b-9b2234412f1c,ocd-division/country:us/state:tx/county:scurry/council_district:2,tx,Scurry County Commissioner Precinct 2
c5dcdcfd-1a3d-5866-b5b0-02d4e907cc41,ocd-division/country:us/state:tx/county:scurry/council_district:3,tx,Scurry County Commissioner Precinct 3
4048480f-6d9c-561f-a625-a7c171982c1d,ocd-division/country:us/state:tx/county:scurry/council_district:4,tx,Scurry County Commissioner Precinct 4
4315d646-9b29-5b40-818c-9d4b36782ec7,ocd-division/country:us/state:tx/county:shackelford/council_district:1,tx,Shackelford County Commissioner Precinct 1
5a81017b-6d55-5f3e-b4ef-5435895fe48b,ocd-division/country:us/state:tx/county:shackelford/council_district:2,tx,Shackelford County Commissioner Precinct 2
75698db0-c86c-558d-9bf3-f7bd378725d4,ocd-division/country:us/state:tx/county:shackelford/council_district:3,tx,Shackelford County Commissioner Precinct 3
65c20736-dfdd-50ea-9b5c-d8c93cfd6e14,ocd-division/country:us/state:tx/county:shackelford/council_district:4,tx,Shackelford County Commissioner Precinct 4
f3fdf497-9342-57ce-b67a-34d3cf96ee84,ocd-division/country:us/state:tx/county:shelby/council_district:1,tx,Shelby County Commissioner Precinct 1
b165fc0f-cd38-575a-8f36-d23e8f0774e7,ocd-division/country:us/state:tx/county:shelby/council_district:2,tx,Shelby County Commissioner Precinct 2
502f16fe-49c8-5bea-b4a6-7aa68ff0c963,ocd-division/country:us/state:tx/county:shelby/council_district:3,tx,Shelby County Commissioner Precinct 3
a3097eec-0af2-5ee0-a3c8-134aec5f99e7,ocd-division/country:us/state:tx/county:shelby/council_district:4,tx,Shelby County Commissioner Precinct 4
185cd41a-0479-50c0-bad7-e9e03d3f7076,ocd-division/country:us/state:tx/county:sherman/council_district:1,tx,Sherman County Commissioner Precinct 1
06741794-b9b6-586e-9a9d-3fcce820c426,ocd-division/country:us/state:tx/county:sherman/council_district:2,tx,Sherman County Commissioner Precinct 2
3221cba0-dc25-5106-9d01-f39d4891df53,ocd-division/country:us/state:tx/county:sherman/council_district:3,tx,Sherman County Commissioner Precinct 3
da440a63-31c5-5764-a9ee-690dd32c0401,ocd-division/country:us/state:tx/county:sherman/council_district:4,tx,Sherman County Commissioner Precinct 4
8db0f638-be59-5814-81b4-0e987d49e7ce,ocd-division/country:us/state:tx/county:smith/council_district:1,tx,Smith County TX Commissioners Court District 1
de70bc2a-dcd0-5c30-87e2-456bebb85821,ocd-division/country:us/state:tx/county:smith/council_district:2,tx,Smith County TX Commissioners Court District 2
3110660f-458e-59b9-8939-e6d7bf21a638,ocd-division/country:us/state:tx/county:smith/council_district:3,tx,Smith County TX Commissioners Court District 3
58dafbfb-8acc-528b-bbba-35c1b061313c,ocd-division/country:us/state:tx/county:smith/council_district:4,tx,Smith County TX Commissioners Court District 4
5779a37b-b176-51b3-81d1-5745b91999c7,ocd-division/country:us/state:tx/county:somervell/council_district:1,tx,Somervell County Commissioner Precinct 1
d594bd7d-3a5e-5c50-a0c5-e46188a82dad,ocd-division/country:us/state:tx/county:somervell/council_district:2,tx,Somervell County Commissioner Precinct 2
b7471319-b304-56f0-bedd-ba5b411a0f6b,ocd-division/country:us/state:tx/county:somervell/council_district:3,tx,Somervell County Commissioner Precinct 3
65cefff3-6378-5b99-a7c0-4b6ed6eacea1,ocd-division/country:us/state:tx/county:somervell/council_district:4,tx,Somervell County Commissioner Precinct 4
8a5eef10-9e34-55cf-a64f-34fa22d69c5c,ocd-division/country:us/state:tx/county:starr/council_district:1,tx,Starr County Commissioner Precinct 1
d9b6d013-4e1b-560b-a975-4a6a783c28bc,ocd-division/country:us/state:tx/county:starr/council_district:2,tx,Starr County Commissioner Precinct 2
71912a8e-c8ec-5480-b18a-be49147a463c,ocd-division/country:us/state:tx/county:starr/council_district:3,tx,Starr County Commissioner Precinct 3
02cd3fac-7f8c-5c29-b88f-9b38131cb131,ocd-division/country:us/state:tx/county:starr/council_district:4,tx,Starr County Commissioner Precinct 4
bbdeb350-b966-5f31-a233-ef90ef9fc118,ocd-division/country:us/state:tx/county:stephens/council_district:1,tx,Stephens County Commissioner Precinct 1
a58e71a0-04ca-53ea-ab18-0904619314cc,ocd-division/country:us/state:tx/county:stephens/council_district:2,tx,Stephens County Commissioner Precinct 2
fb15a3e2-2668-5a46-b757-cb36ce777c4a,ocd-division/country:us/state:tx/county:stephens/council_district:3,tx,Stephens County Commissioner Precinct 3
1088610f-5fc0-5e75-80ce-0250144313fc,ocd-division/country:us/state:tx/county:stephens/council_district:4,tx,Stephens County Commissioner Precinct 4
f8c9ae48-ba4a-5de7-8e93-9b37ea22c7ad,ocd-division/country:us/state:tx/county:sterling/council_district:1,tx,Sterling County Commissioner Precinct 1
b87a4b8b-3181-519f-b205-12fa32b222c5,ocd-division/country:us/state:tx/county:sterling/council_district:2,tx,Sterling County Commissioner Precinct 2
83f96ad7-1eb9-5e6a-82fd-59a09f6edebb,ocd-division/country:us/state:tx/county:sterling/council_district:3,tx,Sterling County Commissioner Precinct 3
e1b197b8-1ca6-5aaf-b74c-c0be7498b994,ocd-division/country:us/state:tx/county:sterling/council_district:4,tx,Sterling County Commissioner Precinct 4
5e38cc26-31a7-597a-9548-5c92153f002d,ocd-division/country:us/state:tx/county:stonewall/council_district:1,tx,Stonewall County Commissioner Precinct 1
929b523f-2265-5d7c-bc77-86d26c44475a,ocd-division/country:us/state:tx/county:stonewall/council_district:2,tx,Stonewall County Commissioner Precinct 2
224232ea-e81a-59c3-8b2c-8e0899dea47a,ocd-division/country:us/state:tx/county:stonewall/council_district:3,tx,Stonewall County Commissioner Precinct 3
8d0731ab-c21a-5117-8089-90f1f71f8db9,ocd-division/country:us/state:tx/county:stonewall/council_district:4,tx,Stonewall County Commissioner Precinct 4
ce6f6b77-8be6-5cf1-b025-24317143fa02,ocd-division/country:us/state:tx/county:sutton/council_district:1,tx,Sutton County Commissioner Precinct 1
c5e8e9f0-8064-5301-b7a9-deb6f3866998,ocd-division/country:us/state:tx/county:sutton/council_district:2,tx,Sutton County Commissioner Precinct 2
4f608097-faef-5380-b355-45b766b9c5dd,ocd-division/country:us/state:tx/county:sutton/council_district:3,tx,Sutton County Commissioner Precinct 3
756f3da6-7023-5c8f-9da3-b8086464178a,ocd-division/country:us/state:tx/county:sutton/council_district:4,tx,Sutton County Commissioner Precinct 4
dccf2574-ec68-5983-8bc1-e78e84d3c96f,ocd-division/country:us/state:tx/county:swisher/council_district:1,tx,Swisher County Commissioner Precinct 1
3594e400-671e-59f1-80b1-72c600c68a28,ocd-division/country:us/state:tx/county:swisher/council_district:2,tx,Swisher County Commissioner Precinct 2
eb1e04de-cb26-5542-b54d-cd1f5ab63340,ocd-division/country:us/state:tx/county:swisher/council_district:3,tx,Swisher County Commissioner Precinct 3
dda9b4e9-915c-5d42-9da9-01de74c8f894,ocd-division/country:us/state:tx/county:swisher/council_district:4,tx,Swisher County Commissioner Precinct 4
a1bbffb4-3c05-52a3-aca2-a2988e9d6d0c,ocd-division/country:us/state:tx/county:tarrant/council_district:1,tx,Tarrant County TX Commissioners Court District 1
f92fa80f-d97f-519d-b854-ec34a3d717fe,ocd-division/country:us/state:tx/county:tarrant/council_district:2,tx,Tarrant County TX Commissioners Court District 2
d260d39a-1a6f-5ec6-bdaf-33c88df1b3ff,ocd-division/country:us/state:tx/county:tarrant/council_district:3,tx,Tarrant County TX Commissioners Court District 3
a8f488ad-aae9-5c22-9b97-72e9b08251e4,ocd-division/country:us/state:tx/county:tarrant/council_district:4,tx,Tarrant County TX Commissioners Court District 4
7c15a927-c07d-508d-81fe-a00deeca2a14,ocd-division/country:us/state:tx/county:taylor/council_district:1,tx,Taylor County Commissioner Precinct 1
9bfdd04a-53d6-5fb8-82d7-54da19377262,ocd-division/country:us/state:tx/county:taylor/council_district:2,tx,Taylor County Commissioner Precinct 2
8805a02a-bb96-5aaa-8996-beb0e5f16539,ocd-division/country:us/state:tx/county:taylor/council_district:3,tx,Taylor County Commissioner Precinct 3
30d24465-6e7f-5a93-89c0-73cea58bb745,ocd-division/country:us/state:tx/county:taylor/council_district:4,tx,Taylor County Commissioner Precinct 4
58f13e49-d641-5b51-8096-7d96299c1399,ocd-division/country:us/state:tx/county:terrell/council_district:1,tx,Terrell County Commissioner Precinct 1
84c693ba-3a90-5daa-85db-cb1257695008,ocd-division/country:us/state:tx/county:terrell/council_district:2,tx,Terrell County Commissioner Precinct 2
1718a864-10c5-5ee5-9111-685bb3bac180,ocd-division/country:us/state:tx/county:terrell/council_district:3,tx,Terrell County Commissioner Precinct 3
d11115d2-2f97-524d-a267-5a2d5ded763d,ocd-division/country:us/state:tx/county:terrell/council_district:4,tx,Terrell County Commissioner Precinct 4
d41214be-cb76-52c8-a8b4-3248a0fe5dae,ocd-division/country:us/state:tx/county:terry/council_district:1,tx,Terry County Commissioner Precinct 1
621367e7-7b55-50e7-b90c-44d8afcbd08b,ocd-division/country:us/state:tx/county:terry/council_district:2,tx,Terry County Commissioner Precinct 2
2ef2ec42-21c0-543b-b783-88dae38fc14f,ocd-division/country:us/state:tx/county:terry/council_district:3,tx,Terry County Commissioner Precinct 3
1ca80c07-be76-541e-bf77-41e924756f37,ocd-division/country:us/state:tx/county:terry/council_district:4,tx,Terry County Commissioner Precinct 4
8a491f36-7777-5add-83f0-f6a9ecc886ab,ocd-division/country:us/state:tx/county:throckmorton/council_district:1,tx,Throckmorton County Commissioner Precinct 1
76b8a88d-ae36-5b93-b65f-3440bc172437,ocd-division/country:us/state:tx/county:throckmorton/council_district:2,tx,Throckmorton County Commissioner Precinct 2
06b6b4c6-bc20-5e2d-b881-3aaf8f799a30,ocd-division/country:us/state:tx/county:throckmorton/council_district:3,tx,Throckmorton County Commissioner Precinct 3
c8d19cf6-2b9d-510d-8470-98f47fdaf155,ocd-division/country:us/state:tx/county:throckmorton/council_district:4,tx,Throckmorton County Commissioner Precinct 4
df59232e-e51e-539f-b090-377a66859180,ocd-division/country:us/state:tx/county:titus/council_district:1,tx,Titus County Commissioner Precinct 1
2f9d761d-bae1-55c9-89f9-f4fb983ab65a,ocd-division/country:us/state:tx/county:titus/council_district:2,tx,Titus County Commissioner Precinct 2
5edd5185-641c-5409-9f24-e0ec0aa2f83e,ocd-division/country:us/state:tx/county:titus/council_district:3,tx,Titus County Commissioner Precinct 3
425f5140-6d04-57be-9397-2068763e93f4,ocd-division/country:us/state:tx/county:titus/council_district:4,tx,Titus County Commissioner Precinct 4
4da1a47f-cc15-5253-b017-01a3705141de,ocd-division/country:us/state:tx/county:tom_green/council_district:1,tx,Tom Green County Commissioner Precinct 1
4fa70018-c6bf-5d54-9b92-968d1c4cbb95,ocd-division/country:us/state:tx/county:tom_green/council_district:2,tx,Tom Green County Commissioner Precinct 2
1b250351-19fc-515e-b8a2-c760a251fe8c,ocd-division/country:us/state:tx/county:tom_green/council_district:3,tx,Tom Green County Commissioner Precinct 3
4f0cfdbf-b2d7-5ce8-aaaa-9fa9653b38e7,ocd-division/country:us/state:tx/county:tom_green/council_district:4,tx,Tom Green County Commissioner Precinct 4
5dca267a-413a-57f8-a184-8db419a05cae,ocd-division/country:us/state:tx/county:travis/council_district:1,tx,Travis County TX Commissioners Court District 1
509ad8f2-c5e9-5f29-8d9a-d6d8fe56a290,ocd-division/country:us/state:tx/county:travis/council_district:2,tx,Travis County TX Commissioners Court District 2
d8521106-85d9-5635-a45b-1aaacaec344f,ocd-division/country:us/state:tx/county:travis/council_district:3,tx,Travis County TX Commissioners Court District 3
4380763c-d5ef-5e32-9f64-290f04ce33b3,ocd-division/country:us/state:tx/county:travis/council_district:4,tx,Travis County TX Commissioners Court District 4
7547ef42-0c29-5d36-8f81-2f8e8e713d82,ocd-division/country:us/state:tx/county:trinity/council_district:1,tx,Trinity County Commissioner Precinct 1
b7b7f124-50aa-5701-a99d-b781bea5f98e,ocd-division/country:us/state:tx/county:trinity/council_district:2,tx,Trinity County Commissioner Precinct 2
fd8c71e4-d9ca-5b2e-9df5-38b5d38f059f,ocd-division/country:us/state:tx/county:trinity/council_district:3,tx,Trinity County Commissioner Precinct 3
978af601-dc63-5244-9e17-0233ad6ec9c8,ocd-division/country:us/state:tx/county:trinity/council_district:4,tx,Trinity County Commissioner Precinct 4
c58c1655-d8f3-5354-93a6-090170287e39,ocd-division/country:us/state:tx/county:tyler/council_district:1,tx,Tyler County Commissioner Precinct 1
a87502fa-32f6-58d5-841e-827147744b76,ocd-division/country:us/state:tx/county:tyler/council_district:2,tx,Tyler County Commissioner Precinct 2
6786caa9-95b4-51fd-9d14-2a5211707c9a,ocd-division/country:us/state:tx/county:tyler/council_district:3,tx,Tyler County Commissioner Precinct 3
78f2a1d0-2a65-5c43-9499-910a36c17d51,ocd-division/country:us/state:tx/county:tyler/council_district:4,tx,Tyler County Commissioner Precinct 4
d8fbac18-b3b7-5b40-ae68-4c1a088db4ab,ocd-division/country:us/state:tx/county:upshur/council_district:1,tx,Upshur County Commissioner Precinct 1
ae290855-9124-562d-8bf3-af737cab2690,ocd-division/country:us/state:tx/county:upshur/council_district:2,tx,Upshur County Commissioner Precinct 2
976fa238-901f-5c5d-aba8-2127719abce4,ocd-division/country:us/state:tx/county:upshur/council_district:3,tx,Upshur County Commissioner Precinct 3
b9108d69-ec5c-5d30-b82f-2d1feb3978ec,ocd-division/country:us/state:tx/county:upshur/council_district:4,tx,Upshur County Commissioner Precinct 4
9de112f2-c1c2-5561-abb1-caf6e3202c16,ocd-division/country:us/state:tx/county:upton/council_district:1,tx,Upton County Commissioner Precinct 1
f4d329ab-629c-5c1f-a4b3-230f20cf7c5a,ocd-division/country:us/state:tx/county:upton/council_district:2,tx,Upton County Commissioner Precinct 2
ca22a0ff-7edd-54db-975d-109cfdad2e31,ocd-division/country:us/state:tx/county:upton/council_district:3,tx,Upton County Commissioner Precinct 3
299715c4-2d25-5577-bc96-a4135b1b5b43,ocd-division/country:us/state:tx/county:upton/council_district:4,tx,Upton County Commissioner Precinct 4
8f3ec83a-f0ca-5ea7-85fc-6a0b883e25f3,ocd-division/country:us/state:tx/county:uvalde/council_district:1,tx,Uvalde County Commissioner Precinct 1
1b48535c-2c47-591f-bb48-0fbad64ad0a0,ocd-division/country:us/state:tx/county:uvalde/council_district:2,tx,Uvalde County Commissioner Precinct 2
d612cd9c-520f-5960-99b7-14e6f573bd8a,ocd-division/country:us/state:tx/county:uvalde/council_district:3,tx,Uvalde County Commissioner Precinct 3
5f922329-89dc-5c60-81d7-b9d9231a752c,ocd-division/country:us/state:tx/county:uvalde/council_district:4,tx,Uvalde County Commissioner Precinct 4
738762a5-8b30-5474-bf7f-47be93641eab,ocd-division/country:us/state:tx/county:val_verde/council_district:1,tx,Val Verde County Commissioner Precinct 1
34c1012d-e1d9-5a76-a1c9-6ff3d10b429f,ocd-division/country:us/state:tx/county:val_verde/council_district:2,tx,Val Verde County Commissioner Precinct 2
6897a45f-24e6-575d-95e2-142f6628de96,ocd-division/country:us/state:tx/county:val_verde/council_district:3,tx,Val Verde County Commissioner Precinct 3
00481fdf-566b-5749-b8e6-798ef28f73ed,ocd-division/country:us/state:tx/county:val_verde/council_district:4,tx,Val Verde County Commissioner Precinct 4
5c30bea0-afc6-5bbb-8ae4-7e98f9697c61,ocd-division/country:us/state:tx/county:van_zandt/council_district:1,tx,Van Zandt County Commissioner Precinct 1
a71c0d30-6981-5473-a078-fc906fda04cf,ocd-division/country:us/state:tx/county:van_zandt/council_district:2,tx,Van Zandt County Commissioner Precinct 2
8aa7d22c-3a7d-5374-a11f-4faf5a56edb6,ocd-division/country:us/state:tx/county:van_zandt/council_district:3,tx,Van Zandt County Commissioner Precinct 3
ee7f085c-1bd4-53db-9bb2-0163557a0f2d,ocd-division/country:us/state:tx/county:van_zandt/council_district:4,tx,Van Zandt County Commissioner Precinct 4
c9eff609-4090-5ee9-8f45-62cf8a0c3f3a,ocd-division/country:us/state:tx/county:victoria/council_district:1,tx,Victoria County Commissioner Precinct 1
33994b73-5806-59d3-b28c-9dc815ceac6d,ocd-division/country:us/state:tx/county:victoria/council_district:2,tx,Victoria County Commissioner Precinct 2
1feb9e9a-78bb-5b32-8f19-72c0df20cc2b,ocd-division/country:us/state:tx/county:victoria/council_district:3,tx,Victoria County Commissioner Precinct 3
4d87f49b-981b-5331-9fec-18a18c0b3b98,ocd-division/country:us/state:tx/county:victoria/council_district:4,tx,Victoria County Commissioner Precinct 4
38b997a1-0dcd-56a1-bf04-6c5984e143d9,ocd-division/country:us/state:tx/county:walker/council_district:1,tx,Walker County Commissioner Precinct 1
ff35ac03-78c4-5ac9-9f39-b8862372e5b9,ocd-division/country:us/state:tx/county:walker/council_district:2,tx,Walker County Commissioner Precinct 2
a12fcae7-c91a-5aef-935c-099749446c04,ocd-division/country:us/state:tx/county:walker/council_district:3,tx,Walker County Commissioner Precinct 3
0d1a6265-e062-5df6-8cc3-772c87d09b61,ocd-division/country:us/state:tx/county:walker/council_district:4,tx,Walker County Commissioner Precinct 4
2e68cdbb-3fd3-5b17-9aa9-00226d17d926,ocd-division/country:us/state:tx/county:waller/council_district:1,tx,Waller County Commissioner Precinct 1
d6cc4010-4e22-5aad-b3aa-fe752f2c37f5,ocd-division/country:us/state:tx/county:waller/council_district:2,tx,Waller County Commissioner Precinct 2
97b393cc-269c-56a2-bfc5-588a87724540,ocd-division/country:us/state:tx/county:waller/council_district:3,tx,Waller County Commissioner Precinct 3
8ae7c261-956b-5600-b654-341bc3747a6a,ocd-division/country:us/state:tx/county:waller/council_district:4,tx,Waller County Commissioner Precinct 4
1c37836d-94e2-578e-9ef6-cbc1148a45a4,ocd-division/country:us/state:tx/county:ward/council_district:1,tx,Ward County Commissioner Precinct 1
4e4bb931-c1ee-548e-bf82-0892a87515e0,ocd-division/country:us/state:tx/county:ward/council_district:2,tx,Ward County Commissioner Precinct 2
359ac720-d3a2-5a16-9307-67e607810adb,ocd-division/country:us/state:tx/county:ward/council_district:3,tx,Ward County Commissioner Precinct 3
7cf62e00-50c4-5b81-8da1-6a01b563827d,ocd-division/country:us/state:tx/county:ward/council_district:4,tx,Ward County Commissioner Precinct 4
b3b7a891-13c0-5128-b06f-795784476ed1,ocd-division/country:us/state:tx/county:washington/council_district:1,tx,Washington County Commissioner Precinct 1
ad677b13-4cb5-586e-a3ba-eab40b7286b2,ocd-division/country:us/state:tx/county:washington/council_district:2,tx,Washington County Commissioner Precinct 2
f63c2f6a-61a5-5724-86e2-676136357c3f,ocd-division/country:us/state:tx/county:washington/council_district:3,tx,Washington County Commissioner Precinct 3
d7d684be-59b5-5dce-a18b-9b3688fdb16a,ocd-division/country:us/state:tx/county:washington/council_district:4,tx,Washington County Commissioner Precinct 4
637fede7-00cd-549b-a182-5f76f63f49a8,ocd-division/country:us/state:tx/county:webb/council_district:1,tx,Webb County Commissioner Precinct 1
34bf219a-1b7f-5997-b8fd-7a8ec9a9f9a6,ocd-division/country:us/state:tx/county:webb/council_district:2,tx,Webb County Commissioner Precinct 2
c88dcadf-b092-557e-9f65-ac79f8b4d2d7,ocd-division/country:us/state:tx/county:webb/council_district:3,tx,Webb County Commissioner Precinct 3
e9390d31-1b1d-5be2-8e37-82354ecbccea,ocd-division/country:us/state:tx/county:webb/council_district:4,tx,Webb County Commissioner Precinct 4
37b6bbea-cb2d-5bd5-b320-e0b9dde7c84e,ocd-division/country:us/state:tx/county:wharton/council_district:1,tx,Wharton County Commissioner Precinct 1
5de97eb4-ae0d-57be-9bba-a9037b6caf15,ocd-division/country:us/state:tx/county:wharton/council_district:2,tx,Wharton County Commissioner Precinct 2
deb513dd-6b6a-5bfa-b917-1a9d51c734b6,ocd-division/country:us/state:tx/county:wharton/council_district:3,tx,Wharton County Commissioner Precinct 3
473239a3-c203-531a-809d-ec0d2110de35,ocd-division/country:us/state:tx/county:wharton/council_district:4,tx,Wharton County Commissioner Precinct 4
42f1cded-2584-5061-a68f-2e3ba256dc71,ocd-division/country:us/state:tx/county:wheeler/council_district:1,tx,Wheeler County Commissioner Precinct 1
c6be65d3-6257-5277-ad76-350f7ff53070,ocd-division/country:us/state:tx/county:wheeler/council_district:2,tx,Wheeler County Commissioner Precinct 2
e76c74fe-6e8b-5431-97c5-74827d6e2daa,ocd-division/country:us/state:tx/county:wheeler/council_district:3,tx,Wheeler County Commissioner Precinct 3
34e9821a-9032-5fdb-b3f8-8d7c91c44f58,ocd-division/country:us/state:tx/county:wheeler/council_district:4,tx,Wheeler County Commissioner Precinct 4
79b5e7cc-246f-54e8-b7a7-ea9a7f220150,ocd-division/country:us/state:tx/county:wichita/council_district:1,tx,Wichita County Commissioner Precinct 1
5cd514fd-27bc-5753-b7cd-d71de1a52e55,ocd-division/country:us/state:tx/county:wichita/council_district:2,tx,Wichita County Commissioner Precinct 2
af1bd319-28da-52a4-85bc-e25b14a44421,ocd-division/country:us/state:tx/county:wichita/council_district:3,tx,Wichita County Commissioner Precinct 3
ab0fd71b-5eb8-5e34-b923-b03a6849a0c4,ocd-division/country:us/state:tx/county:wichita/council_district:4,tx,Wichita County Commissioner Precinct 4
01494546-fa8a-54f0-b339-8fac565e35fd,ocd-division/country:us/state:tx/county:wilbarger/council_district:1,tx,Wilbarger County Commissioner Precinct 1
d789d8d5-9d17-58c1-b79b-4868dce97e63,ocd-division/country:us/state:tx/county:wilbarger/council_district:2,tx,Wilbarger County Commissioner Precinct 2
0c101aac-9d75-5e24-b082-892548a42fb8,ocd-division/country:us/state:tx/county:wilbarger/council_district:3,tx,Wilbarger County Commissioner Precinct 3
c325068f-bac7-542d-aea3-233362e65a52,ocd-division/country:us/state:tx/county:wilbarger/council_district:4,tx,Wilbarger County Commissioner Precinct 4
be47b210-1651-51c3-9503-0e35c006b783,ocd-division/country:us/state:tx/county:willacy/council_district:1,tx,Willacy County Commissioner Precinct 1
50ee5474-e345-5af9-acab-cdb316e1e1b0,ocd-division/country:us/state:tx/county:willacy/council_district:2,tx,Willacy County Commissioner Precinct 2
24aff1ef-b03f-51d8-91c5-18db3571ec04,ocd-division/country:us/state:tx/county:willacy/council_district:3,tx,Willacy County Commissioner Precinct 3
dd4e0488-cdc3-580c-8a90-8e0a20cbbd4b,ocd-division/country:us/state:tx/county:willacy/council_district:4,tx,Willacy County Commissioner Precinct 4
8589d823-cfcc-5d74-8bfe-9fb7f79417f1,ocd-division/country:us/state:tx/county:williamson/council_district:1,tx,Williamson County TX Commissioners Court District 1
c802b5e2-0394-5441-bbac-fbb922bc120f,ocd-division/country:us/state:tx/county:williamson/council_district:2,tx,Williamson County TX Commissioners Court District 2
89d1fa38-5450-5fc0-936e-d089777a9989,ocd-division/country:us/state:tx/county:williamson/council_district:3,tx,Williamson County TX Commissioners Court District 3
deb6947d-16dd-51ed-83b1-e2df9a6fc7f6,ocd-division/country:us/state:tx/county:williamson/council_district:4,tx,Williamson County TX Commissioners Court District 4
c9750cff-93f7-57cd-9783-f2beb58d9a8b,ocd-division/country:us/state:tx/county:wilson/council_district:1,tx,Wilson County Commissioner Precinct 1
4ca2dc28-9ca0-5f03-ac63-bb284f45a7a2,ocd-division/country:us/state:tx/county:wilson/council_district:2,tx,Wilson County Commissioner Precinct 2
56d02e27-8571-55ff-a22b-f145384b427e,ocd-division/country:us/state:tx/county:wilson/council_district:3,tx,Wilson County Commissioner Precinct 3
32ad37c5-69e5-5ad0-9428-a8c4e54d79e4,ocd-division/country:us/state:tx/county:wilson/council_district:4,tx,Wilson County Commissioner Precinct 4
396a0edf-d1d5-52f6-b6b1-14e82c4ee217,ocd-division/country:us/state:tx/county:winkler/council_district:1,tx,Winkler County Commissioner Precinct 1
7714216f-5a70-57b7-8477-62f20dc158e0,ocd-division/country:us/state:tx/county:winkler/council_district:2,tx,Winkler County Commissioner Precinct 2
4cf71e04-916c-5cce-afdc-29f88f71eaa2,ocd-division/country:us/state:tx/county:winkler/council_district:3,tx,Winkler County Commissioner Precinct 3
b60c32c9-975d-5c11-b30b-d632a2827b49,ocd-division/country:us/state:tx/county:winkler/council_district:4,tx,Winkler County Commissioner Precinct 4
e771a06d-276c-5874-9a6b-c09585430d3b,ocd-division/country:us/state:tx/county:wise/council_district:1,tx,Wise County Commissioner Precinct 1
9030e9e0-7e96-5bf2-9bc6-a52fb8f1a0f7,ocd-division/country:us/state:tx/county:wise/council_district:2,tx,Wise County Commissioner Precinct 2
1321e2ab-8046-5d7a-a905-b1c6032ba516,ocd-division/country:us/state:tx/county:wise/council_district:3,tx,Wise County Commissioner Precinct 3
0330a0c2-bb83-59b0-9f66-3f0d5e84697c,ocd-division/country:us/state:tx/county:wise/council_district:4,tx,Wise County Commissioner Precinct 4
a56b610e-cd33-5175-84e1-8bd41b59bec8,ocd-division/country:us/state:tx/county:wood/council_district:1,tx,Wood County Commissioner Precinct 1
d6c59009-48e6-5385-ac66-4766423a264e,ocd-division/country:us/state:tx/county:wood/council_district:2,tx,Wood County Commissioner Precinct 2
26731323-ca3a-596a-b979-e9a630c106f1,ocd-division/country:us/state:tx/county:wood/council_district:3,tx,Wood County Commissioner Precinct 3
ce3a6d5c-413c-5a69-b667-86a092ed0ac8,ocd-division/country:us/state:tx/county:wood/council_district:4,tx,Wood County Commissioner Precinct 4
53320165-04ef-58fa-89b3-b2d828405058,ocd-division/country:us/state:tx/county:yoakum/council_district:1,tx,Yoakum County Commissioner Precinct 1
d3992ddf-3dcc-560f-ade6-fc5c1fcbd880,ocd-division/country:us/state:tx/county:yoakum/council_district:2,tx,Yoakum County Commissioner Precinct 2
c52d8cc4-12fe-57ad-9568-e4bd05df89bf,ocd-division/country:us/state:tx/county:yoakum/council_district:3,tx,Yoakum County Commissioner Precinct 3
67746350-fb6e-551a-9f21-742488f838c6,ocd-division/country:us/state:tx/county:yoakum/council_district:4,tx,Yoakum County Commissioner Precinct 4
58a81b80-5f7e-5ad5-a408-653d1966ce0a,ocd-division/country:us/state:tx/county:young/council_district:1,tx,Young County Commissioner Precinct 1
7355d912-cbd5-5689-a1ee-95117066f7f7,ocd-division/country:us/state:tx/county:young/council_district:2,tx,Young County Commissioner Precinct 2
75e8b02d-8dea-5435-aade-2960339e2785,ocd-division/country:us/state:tx/county:young/council_district:3,tx,Young County Commissioner Precinct 3
9758ad30-cf8e-52ea-a4c1-876195aa7368,ocd-division/country:us/state:tx/county:young/council_district:4,tx,Young County Commissioner Precinct 4
84f5e96e-6389-5058-9407-5462b0582856,ocd-division/country:us/state:tx/county:zapata/council_district:1,tx,Zapata County Commissioner Precinct 1
bdeb3c43-6337-58a1-b274-19792a5fe12b,ocd-division/country:us/state:tx/county:zapata/council_district:2,tx,Zapata County Commissioner Precinct 2
2f84a8ef-63b7-5611-ab23-0621e98dc2ed,ocd-division/country:us/state:tx/county:zapata/council_district:3,tx,Zapata County Commissioner Precinct 3
54462f2d-4f0a-5e03-921c-bba9f5a2e7fa,ocd-division/country:us/state:tx/county:zapata/council_district:4,tx,Zapata County Commissioner Precinct 4
2129675f-fd7f-5d0f-9f79-e624f33f5b5c,ocd-division/country:us/state:tx/county:zavala/council_district:1,tx,Zavala County Commissioner Precinct 1
1b49799c-2cd6-570a-a5d2-1f1ec42d657c,ocd-division/country:us/state:tx/county:zavala/council_district:2,tx,Zavala County Commissioner Precinct 2
e5bd236c-8873-577c-90d6-a50ebeb0fbb2,ocd-division/country:us/state:tx/county:zavala/council_district:3,tx,Zavala County Commissioner Precinct 3
fbba73df-9466-5003-8d2e-bd89d8f211e5,ocd-division/country:us/state:tx/county:zavala/council_district:4,tx,Zavala County Commissioner Precinct 4
701cf0a4-f497-5681-9fe6-6a6096daa314,ocd-division/country:us/state:tx/place:abilene/council_district:1,tx,Abilene TX city council district 1 (elections at-large)
da846955-0eff-5ac0-bdfe-42b7ef1988d6,ocd-division/country:us/state:tx/place:abilene/council_district:2,tx,Abilene TX city council district 2 (elections at-large)
dfd349e5-7a4e-5d1f-be11-0ece0db02705,ocd-division/country:us/state:tx/place:abilene/council_district:3,tx,Abilene TX city council district 3 (elections at-large)
492c4db5-2417-5dae-90a3-1933575ccf7c,ocd-division/country:us/state:tx/place:abilene/council_district:4,tx,Abilene TX city council district 4 (elections at-large)
4a71e2c4-0078-50ef-9f78-72a109a0795c,ocd-division/country:us/state:tx/place:abilene/council_district:5,tx,Abilene TX city council district 5 (elections at-large)
5e847e5c-771e-52d7-b456-079f4527f112,ocd-division/country:us/state:tx/place:abilene/council_district:6,tx,Abilene TX city council district 6 (elections at-large)
96aecca3-ee65-5fee-93a6-367ec12ecd31,ocd-division/country:us/state:tx/place:arlington/council_district:1,tx,Arlington TX City Council district 1
c95f76f6-e187-5b0e-836f-beed3161d324,ocd-division/country:us/state:tx/place:arlington/council_district:2,tx,Arlington TX City Council district 2
67becc56-b5b9-53fb-95e4-ff66d56c4d8c,ocd-division/country:us/state:tx/place:arlington/council_district:3,tx,Arlington TX City Council district 3
9ef3a31f-e11f-5e52-bb95-553568af91bb,ocd-division/country:us/state:tx/place:arlington/council_district:4,tx,Arlington TX City Council district 4
d3d61486-a358-5e88-b7f6-4f4b16fa7195,ocd-division/country:us/state:tx/place:arlington/council_district:5,tx,Arlington TX City Council district 5
23176009-4398-5342-98e7-9b74451454a0,ocd-division/country:us/state:tx/place:austin/council_district:1,tx,Austin TX city council district 1 (effective Jan 2015)
03bbb53f-d0b1-5b27-bb13-a2aaa6cb8533,ocd-division/country:us/state:tx/place:austin/council_district:10,tx,Austin TX city council district 10 (effective Jan 2015)
3c2e6ef2-0f2c-590e-9c87-448690c6d1a2,ocd-division/country:us/state:tx/place:austin/council_district:2,tx,Austin TX city council district 2 (effective Jan 2015)
7722c239-e0ec-51e7-9874-35d90d685496,ocd-division/country:us/state:tx/place:austin/council_district:3,tx,Austin TX city council district 3 (effective Jan 2015)
a5d68034-3f71-5bb8-b1a1-f77388b181d5,ocd-division/country:us/state:tx/place:austin/council_district:4,tx,Austin TX city council district 4 (effective Jan 2015)
954df8e1-2d55-5826-a191-28c1fd16ae5f,ocd-division/country:us/state:tx/place:austin/council_district:5,tx,Austin TX city council district 5 (effective Jan 2015)
f769c5d0-1b2d-505e-99c0-587b9ac836f5,ocd-division/country:us/state:tx/place:austin/council_district:6,tx,Austin TX city council district 6 (effective Jan 2015)
37138231-cbaa-5205-8674-0c14c697386f,ocd-division/country:us/state:tx/place:austin/council_district:7,tx,Austin TX city council district 7 (effective Jan 2015)
34071538-4f6c-58fe-9a31-5900590cecf0,ocd-division/country:us/state:tx/place:austin/council_district:8,tx,Austin TX city council district 8 (effective Jan 2015)
c193db43-ae99-5868-8ed6-09289cf0b3b6,ocd-division/country:us/state:tx/place:austin/council_district:9,tx,Austin TX city council district 9 (effective Jan 2015)
0c144880-cda1-5412-8ce4-6c0c7101c841,ocd-division/country:us/state:tx/place:beaumont/ward:1,tx,Beaumont TX ward 1
19e014d6-003e-58ff-b0ef-209d5ea60e33,ocd-division/country:us/state:tx/place:beaumont/ward:2,tx,Beaumont TX ward 2
25bc1e8a-2588-5f7c-9ccb-193c98d742bc,ocd-division/country:us/state:tx/place:beaumont/ward:3,tx,Beaumont TX ward 3
10657ad2-7d8b-5be2-8a0d-7502ba1b74c7,ocd-division/country:us/state:tx/place:beaumont/ward:4,tx,Beaumont TX ward 4
6c2fa247-d31e-539d-8e7b-d27563a21457,ocd-division/country:us/state:tx/place:brownsville/council_district:1,tx,Brownsville TX city council district 1
c4d64216-70c6-540e-87f1-7b09b25f03ce,ocd-division/country:us/state:tx/place:brownsville/council_district:2,tx,Brownsville TX city council district 2
111de94e-fd18-5185-88d6-5609044d77af,ocd-division/country:us/state:tx/place:brownsville/council_district:3,tx,Brownsville TX city council district 3
412c180f-444d-5cb9-8b45-9c33bd4db0ca,ocd-division/country:us/state:tx/place:brownsville/council_district:4,tx,Brownsville TX city council district 4
7d7c05ff-49d6-5475-9dcb-a1abffbad7e5,ocd-division/country:us/state:tx/place:carrollton/council_district:northeast,tx,Carrollton TX city council district northeast
c98acd0c-273f-5bba-bc2a-47d620173fd6,ocd-division/country:us/state:tx/place:carrollton/council_district:northwest,tx,Carrollton TX city council district northwest
f96dffb0-90f2-53e8-ad21-75d1df91977f,ocd-division/country:us/state:tx/place:carrollton/council_district:southeast,tx,Carrollton TX city council district southeast
688b6962-86b2-5aa1-8931-ca9258209215,ocd-division/country:us/state:tx/place:carrollton/council_district:southwest,tx,Carrollton TX city council district southwest
1c550a93-ea7b-5eb6-9605-9f08f4cfa0da,ocd-division/country:us/state:tx/place:corpus_christi/council_district:1,tx,Corpus Christi TX council district 1
435464e3-955e-5bbb-8f36-f6c8718da238,ocd-division/country:us/state:tx/place:corpus_christi/council_district:2,tx,Corpus Christi TX council district 2
4cbba9f0-6ff5-5350-bc55-7a683e35d6cd,ocd-division/country:us/state:tx/place:corpus_christi/council_district:3,tx,Corpus Christi TX council district 3
f13b09b1-f253-5ebc-8847-4e122c619f94,ocd-division/country:us/state:tx/place:corpus_christi/council_district:4,tx,Corpus Christi TX council district 4
8dafd469-dd55-55ac-bbf0-6a6d2cc508ac,ocd-division/country:us/state:tx/place:corpus_christi/council_district:5,tx,Corpus Christi TX council district 5
0b977dd7-2f5c-52f3-b17f-14ce662ce6a2,ocd-division/country:us/state:tx/place:dallas/council_district:1,tx,Dallas TX city council district 1
546b229b-9409-5672-859f-dfd82c1501cf,ocd-division/country:us/state:tx/place:dallas/council_district:10,tx,Dallas TX city council district 10
24aa2ff4-2b1b-5d8b-9f1b-d306e1ba0d53,ocd-division/country:us/state:tx/place:dallas/council_district:11,tx,Dallas TX city council district 11
16afc20a-36a2-5915-afdc-a900db38980d,ocd-division/country:us/state:tx/place:dallas/council_district:12,tx,Dallas TX city council district 12
666ce341-d8d5-5b97-b3a9-6716bd71b947,ocd-division/country:us/state:tx/place:dallas/council_district:13,tx,Dallas TX city council district 13
07073680-3a41-5ea3-ad76-0ba3ffd4f6a5,ocd-division/country:us/state:tx/place:dallas/council_district:14,tx,Dallas TX city council district 14
17612e37-7d16-59e4-ac4e-4a52d29a8bd6,ocd-division/country:us/state:tx/place:dallas/council_district:2,tx,Dallas TX city council district 2
72db9f56-7c3a-544f-a086-20d6f866bef3,ocd-division/country:us/state:tx/place:dallas/council_district:3,tx,Dallas TX city council district 3
6128c942-e0ce-5f4c-9b5c-a8daf50f9030,ocd-division/country:us/state:tx/place:dallas/council_district:4,tx,Dallas TX city council district 4
550a4667-b09e-54a1-bb0c-34c599467867,ocd-division/country:us/state:tx/place:dallas/council_district:5,tx,Dallas TX city council district 5
8099b752-e3ac-5cf5-835f-f40d46c97a2a,ocd-division/country:us/state:tx/place:dallas/council_district:6,tx,Dallas TX city council district 6
fcfae3c6-2825-5b0c-b075-c64647725019,ocd-division/country:us/state:tx/place:dallas/council_district:7,tx,Dallas TX city council district 7
b476d1bc-af36-5164-af3d-c8abd694e01f,ocd-division/country:us/state:tx/place:dallas/council_district:8,tx,Dallas TX city council district 8
23dbefdf-6187-56dd-b313-7f4e916380a8,ocd-division/country:us/state:tx/place:dallas/council_district:9,tx,Dallas TX city council district 9
dfc5a425-4892-5c4f-9427-44facedd8e74,ocd-division/country:us/state:tx/place:denton/council_district:1,tx,Denton TX city council district 1
4e123472-59fd-5a61-ba3c-876ac317f525,ocd-division/country:us/state:tx/place:denton/council_district:2,tx,Denton TX city council district 2
94a5de3f-a250-5f09-b789-67c8acf3f459,ocd-division/country:us/state:tx/place:denton/council_district:3,tx,Denton TX city council district 3
a936f54e-97bb-53bb-88b1-13299e44296e,ocd-division/country:us/state:tx/place:denton/council_district:4,tx,Denton TX city council district 4
36fcdebf-ebe8-50a7-9d9a-4f8f9bb95f91,ocd-division/country:us/state:tx/place:el_paso/council_district:1,tx,El Paso TX City Council district 1
fa4919ba-4807-5b0d-b4de-05225be8e1d7,ocd-division/country:us/state:tx/place:el_paso/council_district:2,tx,El Paso TX City Council district 2
b381ea73-d198-58de-a5c7-b1e0dfb3ef4c,ocd-division/country:us/state:tx/place:el_paso/council_district:3,tx,El Paso TX City Council district 3
2639f6b2-733a-5cf6-adb1-79765cc05ecc,ocd-division/country:us/state:tx/place:el_paso/council_district:4,tx,El Paso TX City Council district 4
b5f3a123-6c76-5827-b808-ba761b139cd8,ocd-division/country:us/state:tx/place:el_paso/council_district:5,tx,El Paso TX City Council district 5
a56fc7b5-77b7-5cab-afc4-4ac0e9fbd0ea,ocd-division/country:us/state:tx/place:el_paso/council_district:6,tx,El Paso TX City Council district 6
c47712d2-c801-550c-8377-d73af10e84ef,ocd-division/country:us/state:tx/place:el_paso/council_district:7,tx,El Paso TX City Council district 7
af07a12d-7250-52f4-ab36-f1555c3669e4,ocd-division/country:us/state:tx/place:el_paso/council_district:8,tx,El Paso TX City Council district 8
e5992edb-f978-5499-8d85-4a15c4164bb6,ocd-division/country:us/state:tx/place:fort_worth/council_district:2,tx,Fort Worth TX City Council district 2
f8f0381e-7671-5157-9715-057c9c4e78f2,ocd-division/country:us/state:tx/place:fort_worth/council_district:3,tx,Fort Worth TX City Council district 3
5270df2c-ef7d-5e21-89ca-dcfac3de1cf7,ocd-division/country:us/state:tx/place:fort_worth/council_district:4,tx,Fort Worth TX City Council district 4
ea35080c-cbad-5bb4-9c95-8c2807443b26,ocd-division/country:us/state:tx/place:fort_worth/council_district:5,tx,Fort Worth TX City Council district 5
c9f89bcf-aada-54e5-bf09-de8409f54a3d,ocd-division/country:us/state:tx/place:fort_worth/council_district:6,tx,Fort Worth TX City Council district 6
7e27cded-2d3a-5e5d-b052-905778662ae2,ocd-division/country:us/state:tx/place:fort_worth/council_district:7,tx,Fort Worth TX City Council district 7
2642749f-f0b3-5fcf-abdb-8ca7c0afbafd,ocd-division/country:us/state:tx/place:fort_worth/council_district:8,tx,Fort Worth TX City Council district 8
f6114959-c9cf-5e93-a6a6-960ba81e2cab,ocd-division/country:us/state:tx/place:fort_worth/council_district:9,tx,Fort Worth TX City Council district 9
11bb29df-a5e7-5435-b2dc-72436c5c651f,ocd-division/country:us/state:tx/place:garland/council_district:1,tx,Garland TX city council district 1
c3e7a3ee-1876-5dc9-af10-be25f7b5fb29,ocd-division/country:us/state:tx/place:garland/council_district:2,tx,Garland TX city council district 2
4c871bb7-dbdd-526e-990e-aee4795d5bf0,ocd-division/country:us/state:tx/place:garland/council_district:3,tx,Garland TX city council district 3
dedb7045-8424-5056-81be-6cc272e20361,ocd-division/country:us/state:tx/place:garland/council_district:4,tx,Garland TX city council district 4
08c9b679-cd31-583d-a753-2d1de1668bbb,ocd-division/country:us/state:tx/place:garland/council_district:5,tx,Garland TX city council district 5
de2e2160-97f8-5dec-8e13-da2c57a2d30a,ocd-division/country:us/state:tx/place:garland/council_district:6,tx,Garland TX city council district 6
6fbd6d64-8b37-5082-92d1-7f4e22763aec,ocd-division/country:us/state:tx/place:garland/council_district:7,tx,Garland TX city council district 7
a8d70e5e-f52c-583a-a632-3c3e625fd001,ocd-division/country:us/state:tx/place:garland/council_district:8,tx,Garland TX city council district 8
9d45e663-3e49-5325-8bbd-e04da8b6f23e,ocd-division/country:us/state:tx/place:grand_prairie/council_district:1,tx,Grand Prairie TX city council district 1
75479590-0fc1-5676-8cf5-44c302cc05a1,ocd-division/country:us/state:tx/place:grand_prairie/council_district:2,tx,Grand Prairie TX city council district 2
9cbc8319-c2ca-583e-a262-72e64d477064,ocd-division/country:us/state:tx/place:grand_prairie/council_district:3,tx,Grand Prairie TX city council district 3
367baa42-e4b4-5197-ba76-f92994e6134b,ocd-division/country:us/state:tx/place:grand_prairie/council_district:4,tx,Grand Prairie TX city council district 4
336737b1-3b50-5f8c-babb-5a8704e91371,ocd-division/country:us/state:tx/place:grand_prairie/council_district:5,tx,Grand Prairie TX city council district 5
d7ffd3cb-6e1b-59e9-a343-b3d3b7a1db5a,ocd-division/country:us/state:tx/place:grand_prairie/council_district:6,tx,Grand Prairie TX city council district 6
02ebc074-c1ac-54ac-962b-dba65e91cd96,ocd-division/country:us/state:tx/place:houston/council_district:a,tx,Houston TX city council district A
cd5fe1f8-0b89-5638-8f40-ed12c016be81,ocd-division/country:us/state:tx/place:houston/council_district:b,tx,Houston TX city council district B
2e6457a8-b36f-5fb2-b280-dcf493d06c1d,ocd-division/country:us/state:tx/place:houston/council_district:c,tx,Houston TX city council district C
279a662f-7c97-5595-900c-2d920922fba8,ocd-division/country:us/state:tx/place:houston/council_district:d,tx,Houston TX city council district D
b99d8c80-a117-5850-922b-a822f5d0825f,ocd-division/country:us/state:tx/place:houston/council_district:e,tx,Houston TX city council district E
4c1394c8-0826-55f4-b358-28fdd065c07c,ocd-division/country:us/state:tx/place:houston/council_district:f,tx,Houston TX city council district F
03412752-61f5-58a3-b287-be3ec6cb3e4e,ocd-division/country:us/state:tx/place:houston/council_district:g,tx,Houston TX city council district G
ee6432de-8a3c-532e-8a08-385cad4e4110,ocd-division/country:us/state:tx/place:houston/council_district:h,tx,Houston TX city council district H
75fecd64-ed7b-559b-9bfb-5029aad024ec,ocd-division/country:us/state:tx/place:houston/council_district:i,tx,Houston TX city council district I
3e5fc6b8-44e0-55e9-8f2e-322122d518bb,ocd-division/country:us/state:tx/place:houston/council_district:j,tx,Houston TX city council district J
8158d6d5-4483-5317-ac5a-7511fbbbef25,ocd-division/country:us/state:tx/place:houston/council_district:k,tx,Houston TX city council district K
e7663fdc-095e-5305-bbaf-6705e94c7780,ocd-division/country:us/state:tx/place:irving/council_district:1,tx,Irving TX city council district 1
d6b2ac18-499b-57d3-8faa-e9b2ff758cd9,ocd-division/country:us/state:tx/place:irving/council_district:3,tx,Irving TX city council district 3 (no 2nd district – at-large)
aa88607a-05a7-55c5-a4af-45531d53fb1a,ocd-division/country:us/state:tx/place:irving/council_district:4,tx,Irving TX city council district 4
6f000eaa-913b-5c51-849f-d7bb3272ae94,ocd-division/country:us/state:tx/place:irving/council_district:5,tx,Irving TX city council district 5
c13342af-54b4-5330-82e1-b8de19d8939e,ocd-division/country:us/state:tx/place:irving/council_district:6,tx,Irving TX city council district 6
431030d2-fa42-560f-a7c1-5d94fbcb32fc,ocd-division/country:us/state:tx/place:irving/council_district:7,tx,Irving TX city council district 7
a04b799d-33e0-5244-9d36-cdeb87c37d45,ocd-division/country:us/state:tx/place:killeen/council_district:1,tx,Killeen TX city council district 1
81c3e53d-6d82-5eef-9d6a-4c0075d6c182,ocd-division/country:us/state:tx/place:killeen/council_district:2,tx,Killeen TX city council district 2
1a6f9d71-09f1-5075-9c14-7477fd969f7d,ocd-division/country:us/state:tx/place:killeen/council_district:3,tx,Killeen TX city council district 3
f86d9da0-e701-5096-a237-bb4510c0dbd7,ocd-division/country:us/state:tx/place:killeen/council_district:4,tx,Killeen TX city council district 4
63a00e4e-29ee-5d6e-8a5e-ef2590a68657,ocd-division/country:us/state:tx/place:laredo/council_district:1,tx,Laredo TX city council district 1
45392b00-c55b-5836-9d29-4de0b7627242,ocd-division/country:us/state:tx/place:laredo/council_district:2,tx,Laredo TX city council district 2
728e5546-f446-5cbc-9378-7b1d530358af,ocd-division/country:us/state:tx/place:laredo/council_district:3,tx,Laredo TX city council district 3
964f4d0a-f561-5cf1-8c39-2cca799428fa,ocd-division/country:us/state:tx/place:laredo/council_district:4,tx,Laredo TX city council district 4
4dc155dd-050f-5869-b1c5-bef4d0acfe0b,ocd-division/country:us/state:tx/place:laredo/council_district:5,tx,Laredo TX city council district 5
0f4d2972-d272-5bb6-8e1f-c5c9757d6320,ocd-division/country:us/state:tx/place:laredo/council_district:6,tx,Laredo TX city council district 6
a3074a91-b2e6-5832-b356-c9f65b44eeca,ocd-division/country:us/state:tx/place:laredo/council_district:7,tx,Laredo TX city council district 7
df8830fe-2403-52a4-9ac1-2f32d15e271e,ocd-division/country:us/state:tx/place:laredo/council_district:8,tx,Laredo TX city council district 8
4c823aab-f550-5b8c-a1a8-b97cb0dcde11,ocd-division/country:us/state:tx/place:lubbock/council_district:1,tx,Lubbock TX city council district 1
df9ca1fc-6339-576c-9ce1-c8b2a521034e,ocd-division/country:us/state:tx/place:lubbock/council_district:2,tx,Lubbock TX city council district 2
0d7ee5a2-a958-5a8c-a559-d1f573b801bf,ocd-division/country:us/state:tx/place:lubbock/council_district:3,tx,Lubbock TX city council district 3
946b8c17-cefa-5e4d-b87c-3e0e69fff37d,ocd-division/country:us/state:tx/place:lubbock/council_district:4,tx,Lubbock TX city council district 4
91e69696-5a5f-50dc-8f14-8e6e4c5535d9,ocd-division/country:us/state:tx/place:lubbock/council_district:5,tx,Lubbock TX city council district 5
6c4de5a4-4203-51a9-9824-9be9654726f7,ocd-division/country:us/state:tx/place:lubbock/council_district:6,tx,Lubbock TX city council district 6
a6627e1b-0d29-5bb1-af96-4a87d4f4a55b,ocd-division/country:us/state:tx/place:mcallen/council_district:1,tx,McAllen TX city council district 1
cb85d593-2c30-52d0-8831-0c2429094323,ocd-division/country:us/state:tx/place:mcallen/council_district:2,tx,McAllen TX city council district 2
7b81a555-9ca6-5592-a3f8-a060f197a413,ocd-division/country:us/state:tx/place:mcallen/council_district:3,tx,McAllen TX city council district 3
4facc074-ebdb-53c8-a273-882459f66f81,ocd-division/country:us/state:tx/place:mcallen/council_district:4,tx,McAllen TX city council district 4
9e2cabe6-6ef9-51d7-9b7c-c2496744834e,ocd-division/country:us/state:tx/place:mcallen/council_district:5,tx,McAllen TX city council district 5
a4a4349c-d2b6-538c-b9fc-03ad4c30423c,ocd-division/country:us/state:tx/place:mcallen/council_district:6,tx,McAllen TX city council district 6
4e98ec01-eea3-52a1-827f-0bb24ce0d9e5,ocd-division/country:us/state:tx/place:mckinney/council_district:1,tx,McKinney TX city council district 1
7c4bd500-af25-516c-84b4-5de3ad79413d,ocd-division/country:us/state:tx/place:mckinney/council_district:2,tx,McKinney TX city council district 2
d1f9dee7-b01c-5aea-89e1-57b5754d8d10,ocd-division/country:us/state:tx/place:mckinney/council_district:3,tx,McKinney TX city council district 3
214ad7d7-93a0-5b1f-8f27-77186a0a30d5,ocd-division/country:us/state:tx/place:mckinney/council_district:4,tx,McKinney TX city council district 4
f0b0b3a4-4416-5999-8057-e59eb6e154da,ocd-division/country:us/state:tx/place:mesquite/council_district:1,tx,Mesquite TX city council district 1
fe911fb1-f238-5868-af5a-02aa626b21e0,ocd-division/country:us/state:tx/place:mesquite/council_district:2,tx,Mesquite TX city council district 2
ce0274e6-b07e-5bbf-8ea0-f5d434f218ff,ocd-division/country:us/state:tx/place:mesquite/council_district:3,tx,Mesquite TX city council district 3
ef0e52a0-89fd-5c31-b05c-4d9a606d8d61,ocd-division/country:us/state:tx/place:mesquite/council_district:4,tx,Mesquite TX city council district 4
7f247511-414a-529b-9dbb-5bf46a90b36c,ocd-division/country:us/state:tx/place:midland/council_district:1,tx,Midland TX city council district 1
9e71b124-693a-5124-9dfd-e832d4f43c28,ocd-division/country:us/state:tx/place:midland/council_district:2,tx,Midland TX city council district 2
d2f3ba1e-c9e0-5cbb-bf34-816aadaaf6bb,ocd-division/country:us/state:tx/place:midland/council_district:3,tx,Midland TX city council district 3
f737c904-e869-52c6-8b78-de460c50801f,ocd-division/country:us/state:tx/place:midland/council_district:4,tx,Midland TX city council district 4
fc939fe7-4d0e-5956-85ab-1b46e6b2351e,ocd-division/country:us/state:tx/place:odessa/council_district:1,tx,Odessa TX city council district 1
19d9df7f-31ea-5e2e-a3f0-25e0afd604de,ocd-division/country:us/state:tx/place:odessa/council_district:2,tx,Odessa TX city council district 2
1ffe7844-c2fb-5255-a594-6af6aeee22b6,ocd-division/country:us/state:tx/place:odessa/council_district:3,tx,Odessa TX city council district 3
78316cbf-089d-57f9-b0b4-358a4f91f07e,ocd-division/country:us/state:tx/place:odessa/council_district:4,tx,Odessa TX city council district 4
fddeff85-732a-586e-add7-f658f3ca6df7,ocd-division/country:us/state:tx/place:odessa/council_district:5,tx,Odessa TX city council district 5
680b83f4-7aab-555d-bc37-72612acaa793,ocd-division/country:us/state:tx/place:pasadena/council_district:a,tx,Pasadena TX city council district A
9449fe20-1057-5cb2-b878-8d0af2294549,ocd-division/country:us/state:tx/place:pasadena/council_district:b,tx,Pasadena TX city council district B
c5387f64-a2a0-5bbe-92f3-5b687442968d,ocd-division/country:us/state:tx/place:pasadena/council_district:c,tx,Pasadena TX city council district C
f3420836-3bf1-5b02-87f1-9f8a398495ef,ocd-division/country:us/state:tx/place:pasadena/council_district:d,tx,Pasadena TX city council district D
c02e7463-e171-5fac-a04b-1deddc556daf,ocd-division/country:us/state:tx/place:pasadena/council_district:e,tx,Pasadena TX city council district E
56836045-b81e-575b-b684-f5441193fd71,ocd-division/country:us/state:tx/place:pasadena/council_district:f,tx,Pasadena TX city council district F
264436f1-9207-59e5-a336-d636529afbe3,ocd-division/country:us/state:tx/place:pasadena/council_district:g,tx,Pasadena TX city council district G
258cb33a-423b-5160-a2a7-03e1b07b2aef,ocd-division/country:us/state:tx/place:pasadena/council_district:h,tx,Pasadena TX city council district H
26d97abb-34fd-565c-9a07-c8aa3b31b9c8,ocd-division/country:us/state:tx/place:plano/council_district:1,tx,Plano TX city council residency district 1
36205188-952b-5358-99b6-25a93b1d7ef9,ocd-division/country:us/state:tx/place:plano/council_district:2,tx,Plano TX city council residency district 2
702213d8-cf69-5b7e-9d07-d7521fd6c5ea,ocd-division/country:us/state:tx/place:plano/council_district:3,tx,Plano TX city council residency district 3
66a23190-80b2-59b2-aa19-eb5dfafb7254,ocd-division/country:us/state:tx/place:plano/council_district:4,tx,Plano TX city council residency district 4
a44347fc-e4ad-5ba5-ae3d-8cf4513ef7a8,ocd-division/country:us/state:tx/place:richardson/council_district:1,tx,Richardson TX city council district 1
f289a607-8952-5455-9b04-d2c539476010,ocd-division/country:us/state:tx/place:richardson/council_district:2,tx,Richardson TX city council district 2
f2b1929c-6c11-579b-9e94-0f4847018b71,ocd-division/country:us/state:tx/place:richardson/council_district:3,tx,Richardson TX city council district 3
5c995f67-bd7c-56d5-a1f6-656d8755b9d8,ocd-division/country:us/state:tx/place:richardson/council_district:4,tx,Richardson TX city council district 4
a91ca020-1295-59e1-bda3-c883527111d8,ocd-division/country:us/state:tx/place:san_antonio/council_district:1,tx,San Antonio TX city council district 1
88b98424-b3a3-5de7-a165-449403e01ea6,ocd-division/country:us/state:tx/place:san_antonio/council_district:10,tx,San Antonio TX city council district 10
c5758753-45ad-50cc-8a8f-5a365a4c6e01,ocd-division/country:us/state:tx/place:san_antonio/council_district:2,tx,San Antonio TX city council district 2
9f08e5b1-c387-54ec-8f12-34b5cf28e97f,ocd-division/country:us/state:tx/place:san_antonio/council_district:3,tx,San Antonio TX city council district 3
32aeff8b-53f6-5c03-8975-950862ef788d,ocd-division/country:us/state:tx/place:san_antonio/council_district:4,tx,San Antonio TX city council district 4
24aaa206-edce-584f-b5d8-ff1a0891f3e4,ocd-division/country:us/state:tx/place:san_antonio/council_district:5,tx,San Antonio TX city council district 5
2fdc6678-dcb6-5342-aee4-5826b5d72772,ocd-division/country:us/state:tx/place:san_antonio/council_district:6,tx,San Antonio TX city council district 6
cfb85c29-5dbb-592e-a444-021a815bef38,ocd-division/country:us/state:tx/place:san_antonio/council_district:7,tx,San Antonio TX city council district 7
569b2f2c-0509-541c-98a0-891645da4fc0,ocd-division/country:us/state:tx/place:san_antonio/council_district:8,tx,San Antonio TX city council district 8
d9b7d69e-584f-5ad0-b788-f953b5d1aa33,ocd-division/country:us/state:tx/place:san_antonio/council_district:9,tx,San Antonio TX city council district 9
0b7eb0d1-663e-5101-b6ae-3694c89f74ea,ocd-division/country:us/state:tx/place:tyler/council_district:1-central,tx,Tyler TX city council district 1 (Central)
3185d6be-3c21-537c-8595-827b734b2b9c,ocd-division/country:us/state:tx/place:tyler/council_district:2-west,tx,Tyler TX city council district 2 (West)
193e5d7b-574e-518e-93ea-1200190a59dd,ocd-division/country:us/state:tx/place:tyler/council_district:3-northwest,tx,Tyler TX city council district 3 (Northwest)
6727b932-ee81-565e-82aa-197f6a62e2fb,ocd-division/country:us/state:tx/place:tyler/council_district:4-northeast,tx,Tyler TX city council district 4 (Northeast)
9c57c918-64e7-5e52-a951-7869cbaa5eae,ocd-division/country:us/state:tx/place:tyler/council_district:5-east,tx,Tyler TX city council district 5 (East)
ea9c6794-b9b3-51e7-9e05-ae52723576a3,ocd-division/country:us/state:tx/place:tyler/council_district:6-south,tx,Tyler TX city council district 6 (South)
2e84ebcc-7c85-58c5-b5af-679496a8aad5,ocd-division/country:us/state:tx/place:waco/council_district:1,tx,Waco TX city council district 1
76b896b2-1c7e-5d7f-90bc-691cb9d2f341,ocd-division/country:us/state:tx/place:waco/council_district:2,tx,Waco TX city council district 2
e6e61e23-132a-5ddf-892b-7c60e0cb81f4,ocd-division/country:us/state:tx/place:waco/council_district:3,tx,Waco TX city council district 3
6769f696-cd8f-5a19-9b3f-57a9d869a28a,ocd-division/country:us/state:tx/place:waco/council_district:4,tx,Waco TX city council district 4
b07eb978-bb60-5ae9-a782-b805cce41f53,ocd-division/country:us/state:tx/place:waco/council_district:5,tx,Waco TX city council district 5
2bbc94f2-d5eb-509e-bea6-51e81ed20815,ocd-division/country:us/state:tx/place:wichita_falls/council_district:1,tx,Wichita Falls TX city council district 1
599351da-79d0-5140-8dd9-fbf150677bdc,ocd-division/country:us/state:tx/place:wichita_falls/council_district:2,tx,Wichita Falls TX city council district 2
218ef765-10ee-5672-950a-3e3c4ea4497b,ocd-division/country:us/state:tx/place:wichita_falls/council_district:3,tx,Wichita Falls TX city council district 3
5e1459c9-ea6b-56b1-9368-6d7855b57bd4,ocd-division/country:us/state:tx/place:wichita_falls/council_district:4,tx,Wichita Falls TX city council district 4
6077db38-41df-5005-b232-c7768b968795,ocd-division/country:us/state:tx/place:wichita_falls/council_district:5,tx,Wichita Falls TX city council district 5
ff569ff1-7b99-5f9e-ae2e-efa548076665,ocd-division/country:us/state:oh/board_of_education:1,oh,Ohio State Board of Education District 1
56b653ce-add6-591d-9341-7a6d175a68bc,ocd-division/country:us/state:oh/board_of_education:10,oh,Ohio State Board of Education District 10
f4afda58-43b5-58e9-9bd9-b1b2e3493e9d,ocd-division/country:us/state:oh/board_of_education:11,oh,Ohio State Board of Education District 11
8ebce362-683b-54a9-b8c8-179398c767aa,ocd-division/country:us/state:oh/board_of_education:2,oh,Ohio State Board of Education District 2
571d664a-4d28-571d-b4be-57862b6e44b8,ocd-division/country:us/state:oh/board_of_education:3,oh,Ohio State Board of Education District 3
8f1c810d-11b8-5739-9d9c-78b95a45e2ca,ocd-division/country:us/state:oh/board_of_education:4,oh,Ohio State Board of Education District 4
5f765bec-0ebf-5153-b192-6d1d276ee287,ocd-division/country:us/state:oh/board_of_education:5,oh,Ohio State Board of Education District 5
37b5b50a-ace4-5e13-93d7-9b3dad4746a2,ocd-division/country:us/state:oh/board_of_education:6,oh,Ohio State Board of Education District 6
a7b077bf-751e-5637-b65e-3250154cd308,ocd-division/country:us/state:oh/board_of_education:7,oh,Ohio State Board of Education District 7
48b02417-9cd0-5fa7-98a9-e4e16c60e642,ocd-division/country:us/state:oh/board_of_education:8,oh,Ohio State Board of Education District 8
eeb123ec-8435-5824-8715-3e4e3c2be371,ocd-division/country:us/state:oh/board_of_education:9,oh,Ohio State Board of Education District 9
9d2a6957-f17f-5b60-88c8-91046a4eb226,ocd-division/country:us/state:oh/county:cuyahoga/council_district:1,oh,Cuyahoga County Council District 1
59a287ee-8c03-53a2-af59-9fa7add1990a,ocd-division/country:us/state:oh/county:cuyahoga/council_district:10,oh,Cuyahoga County Council District 10
d747409e-5d80-55d0-8bcc-495acf8a8a2d,ocd-division/country:us/state:oh/county:cuyahoga/council_district:11,oh,Cuyahoga County Council District 11
381da7a9-e926-5814-9312-081ba165cafe,ocd-division/country:us/state:oh/county:cuyahoga/council_district:2,oh,Cuyahoga County Council District 2
0a76707f-568f-5645-b339-527ecf012d37,ocd-division/country:us/state:oh/county:cuyahoga/council_district:3,oh,Cuyahoga County Council District 3
233b5698-7272-5ca9-961d-04e40544b1a6,ocd-division/country:us/state:oh/county:cuyahoga/council_district:4,oh,Cuyahoga County Council District 4
ec9fabd2-954c-5986-a855-4ffc577ca1a8,ocd-division/country:us/state:oh/county:cuyahoga/council_district:5,oh,Cuyahoga County Council District 5
a9153cb7-01c5-5f55-ae32-1a49ade046cd,ocd-division/country:us/state:oh/county:cuyahoga/council_district:6,oh,Cuyahoga County Council District 6
9b99d3b3-5620-5ced-8e39-0ad99258c7c9,ocd-division/country:us/state:oh/county:cuyahoga/council_district:7,oh,Cuyahoga County Council District 7
0a223469-6e8e-5b75-ba86-7c1f8e4d9672,ocd-division/country:us/state:oh/county:cuyahoga/council_district:8,oh,Cuyahoga County Council District 8
aae16f18-4137-5226-82f3-2a7ec2755f77,ocd-division/country:us/state:oh/county:cuyahoga/council_district:9,oh,Cuyahoga County Council District 9
46052dfb-18f0-50e9-8202-105327c3966d,ocd-division/country:us/state:oh/county:summit/council_district:1,oh,Summit County Council District 1
6baec322-0da6-5614-bef9-5867e9dd097b,ocd-division/country:us/state:oh/county:summit/council_district:2,oh,Summit County Council District 2
2e5a4d8d-bc20-541c-ba0a-c25e34f62898,ocd-division/country:us/state:oh/county:summit/council_district:3,oh,Summit County Council District 3
7c72ecbf-0a0e-5809-acd0-beff1a75680f,ocd-division/country:us/state:oh/county:summit/council_district:4,oh,Summit County Council District 4
8976ad2c-4a12-57a8-b2d9-e2483cde32f8,ocd-division/country:us/state:oh/county:summit/council_district:5,oh,Summit County Council District 5
22d3c5f3-8e02-53ea-a81f-cd986a2f4499,ocd-division/country:us/state:oh/county:summit/council_district:6,oh,Summit County Council District 6
73909065-c556-50b6-a6ad-80440575cc54,ocd-division/country:us/state:oh/county:summit/council_district:7,oh,Summit County Council District 7
3a84f734-c211-5345-a90f-e8b5785acd8e,ocd-division/country:us/state:oh/county:summit/council_district:8,oh,Summit County Council District 8
3054dbea-a4a3-599a-b2ea-31dd74d261de,ocd-division/country:us/state:wa/county:adams/council_district:1,wa,Adams County District 1
a82e8cad-33b4-5a38-be09-ec2b617487fd,ocd-division/country:us/state:wa/county:adams/council_district:2,wa,Adams County District 2
bb1b30fd-3ac2-5340-ac6c-66c962ae1df0,ocd-division/country:us/state:wa/county:adams/council_district:3,wa,Adams County District 3
c3695d1e-6413-5809-9e1d-4dbd6da21e36,ocd-division/country:us/state:wa/county:asotin/council_district:1,wa,Asotin County District 1
6cd9cc1c-7b61-5a77-960e-ab6f9d4a8bc3,ocd-division/country:us/state:wa/county:asotin/council_district:2,wa,Asotin County District 2
47ffae7d-6463-51c7-af9b-251e78de4fc7,ocd-division/country:us/state:wa/county:asotin/council_district:3,wa,Asotin County District 3
b2fbd378-c840-56cf-b44f-a10b73bb81ab,ocd-division/country:us/state:wa/county:benton/council_district:1,wa,Benton County District 1
a8c92723-5288-5b5c-8f49-b97b92a3b47d,ocd-division/country:us/state:wa/county:benton/council_district:2,wa,Benton County District 2
12132856-facf-5788-bc90-2aaa258823b0,ocd-division/country:us/state:wa/county:benton/council_district:3,wa,Benton County District 3
cf39795d-33ac-5eeb-a0f3-afe8db8b63a5,ocd-division/country:us/state:wa/county:chelan/council_district:1,wa,Chelan County District 1
881f89af-98e9-5f1b-923f-7a8b9faebed3,ocd-division/country:us/state:wa/county:chelan/council_district:2,wa,Chelan County District 2
c2b2b4ea-1d16-509b-a616-0c449b7a0db6,ocd-division/country:us/state:wa/county:chelan/council_district:3,wa,Chelan County District 3
91f14a46-35cf-5ce0-87a2-9f7fb33ab143,ocd-division/country:us/state:wa/county:clallam/council_district:1,wa,Clallam County District 1
122a3f6f-7d67-56be-b557-8ee43079a509,ocd-division/country:us/state:wa/county:clallam/council_district:2,wa,Clallam County District 2
5f71470a-f1d7-5ba1-831f-a5a6acb23914,ocd-division/country:us/state:wa/county:clallam/council_district:3,wa,Clallam County District 3
12327261-8610-50d3-a2c7-f3a3caba0e68,ocd-division/country:us/state:wa/county:clark/council_district:1,wa,Clark County WA County Commissioner District 1
6481d349-2218-5693-92d8-da19587fe482,ocd-division/country:us/state:wa/county:clark/council_district:2,wa,Clark County WA County Commissioner District 2
09c6df46-ee42-5a96-a843-96654fb8ed08,ocd-division/country:us/state:wa/county:clark/council_district:3,wa,Clark County WA County Commissioner District 3
e1faba53-5a4b-52e3-a618-0b61b093d6ce,ocd-division/country:us/state:wa/county:clark/council_district:4,wa,Clark County WA County Commissioner District 4
2cf91ece-db14-5733-bc2e-118577f68460,ocd-division/country:us/state:wa/county:clark/council_district:5,wa,Clark County WA County Commissioner District 5
645e10f1-2ed1-5815-93fa-b81cb85260e9,ocd-division/country:us/state:wa/county:columbia/council_district:1,wa,Columbia County District 1
99382e91-b380-5229-a623-0b459c176a8f,ocd-division/country:us/state:wa/county:columbia/council_district:2,wa,Columbia County District 2
bcb90b3d-fdb6-5ee0-a5fd-2a23cbbf7973,ocd-division/country:us/state:wa/county:columbia/council_district:3,wa,Columbia County District 3
f4c65965-42b9-5150-833f-706d225e696f,ocd-division/country:us/state:wa/county:cowlitz/council_district:1,wa,Cowlitz County District 1
0d6b347e-58d9-57d4-8b51-b631a13dd9a2,ocd-division/country:us/state:wa/county:cowlitz/council_district:2,wa,Cowlitz County District 2
0b005257-3323-562b-ad01-6315ae871d99,ocd-division/country:us/state:wa/county:cowlitz/council_district:3,wa,Cowlitz County District 3
496f7d53-b425-5469-bfe3-b3490c6ea2d3,ocd-division/country:us/state:wa/county:douglas/council_district:1,wa,Douglas County District 1
1353fc34-0489-5123-a4b1-1d4104c26a02,ocd-division/country:us/state:wa/county:douglas/council_district:2,wa,Douglas County District 2
e882b057-0eef-5846-ba0a-9b50248dff97,ocd-division/country:us/state:wa/county:douglas/council_district:3,wa,Douglas County District 3
cb491f70-997e-5afb-aec8-061cf10c7eab,ocd-division/country:us/state:wa/county:ferry/council_district:1,wa,Ferry County District 1
88234747-1ebf-510c-938f-bb2f7a9cc2c1,ocd-division/country:us/state:wa/county:ferry/council_district:2,wa,Ferry County District 2
4abf11d0-8c0b-59e3-aea0-f955121d7e28,ocd-division/country:us/state:wa/county:ferry/council_district:3,wa,Ferry County District 3
a5c3e439-aa9d-5660-bcb7-5652f282bebb,ocd-division/country:us/state:wa/county:franklin/council_district:1,wa,Franklin County District 1
1e52febb-0eb8-5718-b330-050a8574a580,ocd-division/country:us/state:wa/county:franklin/council_district:2,wa,Franklin County District 2
df1ed78b-e598-5c31-8ca3-273b07f9d28a,ocd-division/country:us/state:wa/county:franklin/council_district:3,wa,Franklin County District 3
668f76de-ec98-56e5-a060-216800a1d731,ocd-division/country:us/state:wa/county:garfield/council_district:1,wa,Garfield County District 1
75d23321-41cb-56b2-820b-e85b0d9103af,ocd-division/country:us/state:wa/county:garfield/council_district:2,wa,Garfield County District 2
72737a8e-c9d6-5e21-9691-dbdac3c09756,ocd-division/country:us/state:wa/county:garfield/council_district:3,wa,Garfield County District 3
a21c1193-a5c9-54d7-ac95-df2865d65da1,ocd-division/country:us/state:wa/county:grant/council_district:1,wa,Grant County District 1
5e17ba60-406d-5f9e-af64-6b930857ad7f,ocd-division/country:us/state:wa/county:grant/council_district:2,wa,Grant County District 2
bc1fc6b6-2527-5910-a98d-4fbbaf388f96,ocd-division/country:us/state:wa/county:grant/council_district:3,wa,Grant County District 3
2d153eaf-ca3b-5bf3-a132-1064619b2007,ocd-division/country:us/state:wa/county:grays_harbor/council_district:1,wa,Grays Harbor County District 1
c0c72c70-1234-5ec7-889a-edc7504174c6,ocd-division/country:us/state:wa/county:grays_harbor/council_district:2,wa,Grays Harbor County District 2
303e8db8-fbfc-55fb-bdad-e775e606f9a7,ocd-division/country:us/state:wa/county:grays_harbor/council_district:3,wa,Grays Harbor County District 3
7f0d944a-8411-5f49-a1e5-d57eba2aabbc,ocd-division/country:us/state:wa/county:island/council_district:1,wa,Island County District 1
b3be925f-ef90-566b-a04a-8f039d5865b8,ocd-division/country:us/state:wa/county:island/council_district:2,wa,Island County District 2
495b01ba-3eb3-58b4-9426-d09343a03595,ocd-division/country:us/state:wa/county:island/council_district:3,wa,Island County District 3
fa110dd1-d3de-5de5-ba5a-693c89882f48,ocd-division/country:us/state:wa/county:jefferson/council_district:1,wa,Jefferson County District 1
1625ae5a-9036-5f7b-a485-a346eb4be2b9,ocd-division/country:us/state:wa/county:jefferson/council_district:2,wa,Jefferson County District 2
f3d41c85-0430-5bd8-9d18-e4b152094475,ocd-division/country:us/state:wa/county:jefferson/council_district:3,wa,Jefferson County District 3
862cf975-3cc4-50f3-bef7-fd7a22996818,ocd-division/country:us/state:wa/county:king/council_district:1,wa,King County WA County Council District 1
dc595562-4e2f-5c38-b304-53b55b38a211,ocd-division/country:us/state:wa/county:king/council_district:2,wa,King County WA County Council District 2
0059017d-9492-5af9-b916-4683b4049330,ocd-division/country:us/state:wa/county:king/council_district:3,wa,King County WA County Council District 3
dc62f240-42b9-5ea4-947e-acc76373d127,ocd-division/country:us/state:wa/county:king/council_district:4,wa,King County WA County Council District 4
6b287fb1-4bd6-5319-a0e0-0aa2d9cfa847,ocd-division/country:us/state:wa/county:king/council_district:5,wa,King County WA County Council District 5
bf1d4c27-4c6a-51cd-934c-f91811750f77,ocd-division/country:us/state:wa/county:king/council_district:6,wa,King County WA County Council District 6
60f8e4eb-5b62-5bf3-9396-57981e4fb43e,ocd-division/country:us/state:wa/county:king/council_district:7,wa,King County WA County Council District 7
81840544-2221-5b90-9595-2a7d2b973078,ocd-division/country:us/state:wa/county:king/council_district:8,wa,King County WA County Council District 8
28d6bf1a-74e0-5a54-bf3c-187907f74134,ocd-division/country:us/state:wa/county:king/council_district:9,wa,King County WA County Council District 9
cd848304-544f-58c9-9b78-6de57aafbec9,ocd-division/country:us/state:wa/county:kitsap/council_district:1,wa,Kitsap County WA County Commissioner District 1
8026ea86-9a4f-5546-a073-adea9839af81,ocd-division/country:us/state:wa/county:kitsap/council_district:2,wa,Kitsap County WA County Commissioner District 2
8c48a3bf-5de6-54b7-a0d0-c5dda9cf4951,ocd-division/country:us/state:wa/county:kitsap/council_district:3,wa,Kitsap County WA County Commissioner District 3
de58489e-8d10-5dbd-a19f-227a035dfe05,ocd-division/country:us/state:wa/county:kittitas/council_district:1,wa,Kittitas County District 1
742df192-aa16-5154-8bdf-7276d4fa2cd2,ocd-division/country:us/state:wa/county:kittitas/council_district:2,wa,Kittitas County District 2
6c9b053a-cd1c-583b-8212-de39fa5ef461,ocd-division/country:us/state:wa/county:kittitas/council_district:3,wa,Kittitas County District 3
04a5226a-ffa5-5beb-940b-d8876c40c0c0,ocd-division/country:us/state:wa/county:klickitat/council_district:1,wa,Klickitat County District 1
21a96bed-41f5-58ec-815c-9f139c13f2b6,ocd-division/country:us/state:wa/county:klickitat/council_district:2,wa,Klickitat County District 2
8e133b62-e15b-5a8c-aa3b-5d17d5d3ca42,ocd-division/country:us/state:wa/county:klickitat/council_district:3,wa,Klickitat County District 3
c5a285e9-7c97-5790-9b0c-92a264a0c84a,ocd-division/country:us/state:wa/county:lewis/council_district:1,wa,Lewis County District 1
1f98f00b-b9ee-5ff7-b590-644dca232b96,ocd-division/country:us/state:wa/county:lewis/council_district:2,wa,Lewis County District 2
7924ec9b-9016-5fb0-9169-b11c7b90e299,ocd-division/country:us/state:wa/county:lewis/council_district:3,wa,Lewis County District 3
6fd734ff-ca2a-584b-a11e-f7fb2329c9e7,ocd-division/country:us/state:wa/county:lincoln/council_district:1,wa,Lincoln County District 1
f8dad0c8-40cb-58fa-b6eb-ffc697347633,ocd-division/country:us/state:wa/county:lincoln/council_district:2,wa,Lincoln County District 2
9d0b4caf-3e38-53e9-993a-f9db323a3161,ocd-division/country:us/state:wa/county:lincoln/council_district:3,wa,Lincoln County District 3
7b7e17d8-14a5-5822-83f5-ea9d853e7aa3,ocd-division/country:us/state:wa/county:mason/council_district:1,wa,Mason County District 1
ff036d20-2fe2-5772-921e-d3204ad076d1,ocd-division/country:us/state:wa/county:mason/council_district:2,wa,Mason County District 2
e2ba8092-3eca-5588-b636-33dd018e45f1,ocd-division/country:us/state:wa/county:mason/council_district:3,wa,Mason County District 3
499c0bcd-02dd-551b-b8b7-19ea16c320a4,ocd-division/country:us/state:wa/county:okanogan/council_district:1,wa,Okanogan County District 1
f37e8cfd-5c54-51e1-b7fe-70c51041337c,ocd-division/country:us/state:wa/county:okanogan/council_district:2,wa,Okanogan County District 2
d3b50380-e00d-5a4d-be79-81af90806c23,ocd-division/country:us/state:wa/county:okanogan/council_district:3,wa,Okanogan County District 3
8c8f891f-f276-5f77-b9b0-5b863ee3fbbc,ocd-division/country:us/state:wa/county:pacific/council_district:1,wa,Pacific County District 1
41a5c140-e4a6-5616-acbb-14def8c58b18,ocd-division/country:us/state:wa/county:pacific/council_district:2,wa,Pacific County District 2
df925bbc-4243-5332-a570-5050b12c2bda,ocd-division/country:us/state:wa/county:pacific/council_district:3,wa,Pacific County District 3
052594c2-f61c-5ef1-b3ce-2c5c64437e8f,ocd-division/country:us/state:wa/county:pend_oreille/council_district:1,wa,Pend Oreille County District 1
bfdcc960-82d0-5216-be17-c3fb541e52d5,ocd-division/country:us/state:wa/county:pend_oreille/council_district:2,wa,Pend Oreille County District 2
c4423747-0e62-5b96-8e11-2855b34db586,ocd-division/country:us/state:wa/county:pend_oreille/council_district:3,wa,Pend Oreille County District 3
29664600-5499-5841-90a7-e8c9ed6027e2,ocd-division/country:us/state:wa/county:pierce/council_district:1,wa,Pierce County WA County Council District 1
2d2d1f26-344a-5f05-adc1-aeaa2939a204,ocd-division/country:us/state:wa/county:pierce/council_district:2,wa,Pierce County WA County Council District 2
c162c24c-dd2c-5edd-9200-787224f64dbc,ocd-division/country:us/state:wa/county:pierce/council_district:3,wa,Pierce County WA County Council District 3
53a30aa5-54f8-5d7b-a634-39193d89afbe,ocd-division/country:us/state:wa/county:pierce/council_district:4,wa,Pierce County WA County Council District 4
30013ade-fc71-5400-b21a-f5f547b896dd,ocd-division/country:us/state:wa/county:pierce/council_district:5,wa,Pierce County WA County Council District 5
74833336-e1c7-5465-b3a2-da1e8c57bdde,ocd-division/country:us/state:wa/county:pierce/council_district:6,wa,Pierce County WA County Council District 6
fa62f957-26e8-54ec-ae5e-9926d5efb244,ocd-division/country:us/state:wa/county:pierce/council_district:7,wa,Pierce County WA County Council District 7
58153c62-04ca-5ae7-a76c-8463fc531d13,ocd-division/country:us/state:wa/county:skagit/council_district:1,wa,Skagit County District 1
0395a5d8-1bbb-58cc-b727-257871155be1,ocd-division/country:us/state:wa/county:skagit/council_district:2,wa,Skagit County District 2
3d4009ad-06bd-54d9-9a90-355b9058c015,ocd-division/country:us/state:wa/county:skagit/council_district:3,wa,Skagit County District 3
40f28ad8-4e8a-57f4-911b-80dc0715b321,ocd-division/country:us/state:wa/county:skamania/council_district:1,wa,Skamania County District 1
f32ffbe3-64a9-5a6f-9dac-daea537e3a0b,ocd-division/country:us/state:wa/county:skamania/council_district:2,wa,Skamania County District 2
b67707bd-1564-5743-ba5a-03667abb1fee,ocd-division/country:us/state:wa/county:skamania/council_district:3,wa,Skamania County District 3
acec0d93-bb36-572d-aeba-baefb944325e,ocd-division/country:us/state:wa/county:snohomish/council_district:1,wa,Snohomish County WA County Council District 1
c434c377-1353-51c4-ab75-478e459dfc96,ocd-division/country:us/state:wa/county:snohomish/council_district:2,wa,Snohomish County WA County Council District 2
ff6a84cc-d653-505e-ab43-feaed37949bf,ocd-division/country:us/state:wa/county:snohomish/council_district:3,wa,Snohomish County WA County Council District 3
9234bb90-ad92-53fc-9d6a-fe89cfb327db,ocd-division/country:us/state:wa/county:snohomish/council_district:4,wa,Snohomish County WA County Council District 4
0efbf14f-3d79-5e43-88b9-4e306a5bdcb7,ocd-division/country:us/state:wa/county:snohomish/council_district:5,wa,Snohomish County WA County Council District 5
d52725df-21f1-5775-8e6e-032cc86b8c7a,ocd-division/country:us/state:wa/county:spokane/council_district:1,wa,Spokane County WA County Commissioner District 1
b503de39-87ec-5e0f-ab12-058d546c36eb,ocd-division/country:us/state:wa/county:spokane/council_district:2,wa,Spokane County WA County Commissioner District 2
307e3dfc-9c04-5116-af77-77871654c254,ocd-division/country:us/state:wa/county:spokane/council_district:3,wa,Spokane County WA County Commissioner District 3
cfc9b930-604e-5f58-8675-9ca24220ad13,ocd-division/country:us/state:wa/county:spokane/council_district:4,wa,Spokane County WA County Commissioner District 4
445d0b1f-3bca-5613-a60e-fa39f278d674,ocd-division/country:us/state:wa/county:spokane/council_district:5,wa,Spokane County WA County Commissioner District 5
9d41ba78-cb24-5cf8-b0a3-8ed8ec384ad5,ocd-division/country:us/state:wa/county:stevens/council_district:1,wa,Stevens County District 1
d9d7708d-40fc-5759-8974-eec7a275b6b5,ocd-division/country:us/state:wa/county:stevens/council_district:2,wa,Stevens County District 2
8172bbb3-a6a9-5e25-86e6-f8c98f023724,ocd-division/country:us/state:wa/county:stevens/council_district:3,wa,Stevens County District 3
3fc402d5-0ece-5d8c-8f3a-c4677ee88bd6,ocd-division/country:us/state:wa/county:thurston/council_district:1,wa,Thurston County WA Board of County Commissioners District 1
52642b6e-8896-576c-a9e3-84bff356603b,ocd-division/country:us/state:wa/county:thurston/council_district:2,wa,Thurston County WA Board of County Commissioners District 2
2afa6fe8-c9bf-5e28-b194-5407a88283a3,ocd-division/country:us/state:wa/county:thurston/council_district:3,wa,Thurston County WA Board of County Commissioners District 3
1ad0993f-f2f6-52e5-ac9c-e7e3850e06be,ocd-division/country:us/state:wa/county:wahkiakum/council_district:1,wa,Wahkiakum County District 1
c6397f72-7837-5bab-9c57-0559f79b7747,ocd-division/country:us/state:wa/county:wahkiakum/council_district:2,wa,Wahkiakum County District 2
f27f24ee-abf7-53d1-a598-e0bca0f27431,ocd-division/country:us/state:wa/county:wahkiakum/council_district:3,wa,Wahkiakum County District 3
df84beee-e481-5da9-b2d4-0b99ad80d3c6,ocd-division/country:us/state:wa/county:walla_walla/council_district:1,wa,Walla Walla County District 1
67387590-a4ac-5b43-a69c-a0c33a6a5eda,ocd-division/country:us/state:wa/county:walla_walla/council_district:2,wa,Walla Walla County District 2
7638e90e-5ca3-541d-91d8-abd08cde2f20,ocd-division/country:us/state:wa/county:walla_walla/council_district:3,wa,Walla Walla County District 3
65a6be44-470a-5d76-bd5e-f16533699eba,ocd-division/country:us/state:wa/county:whatcom/council_district:1,wa,Whatcom County District 1
ed32ebf9-50f3-5c9f-9aa2-dc264ff0f565,ocd-division/country:us/state:wa/county:whatcom/council_district:2,wa,Whatcom County District 2
a0e9176e-7bce-5980-90a0-4d2992a972ee,ocd-division/country:us/state:wa/county:whatcom/council_district:3,wa,Whatcom County District 3
b45f904f-9a8d-5287-a9e1-68f3433db31b,ocd-division/country:us/state:wa/county:whatcom/council_district:4,wa,Whatcom County District 4
177febf3-8360-5d0f-9354-9b55e1ff3783,ocd-division/country:us/state:wa/county:whatcom/council_district:5,wa,Whatcom County District 5
7882a0e3-ebaa-5313-81cd-d815048a95c3,ocd-division/country:us/state:wa/county:whitman/council_district:1,wa,Whitman County District 1
9a127877-c89e-5ead-804e-2ffd205e5e6c,ocd-division/country:us/state:wa/county:whitman/council_district:2,wa,Whitman County District 2
590f94dd-3c5a-5a0d-874e-6de576f4187a,ocd-division/country:us/state:wa/county:whitman/council_district:3,wa,Whitman County District 3
915da3b3-22ee-520f-8bcc-aacfed8d4d13,ocd-division/country:us/state:wa/county:yakima/council_district:1,wa,Yakima County District 1
17aaf700-ef0f-5114-8132-5704c9ca4679,ocd-division/country:us/state:wa/county:yakima/council_district:2,wa,Yakima County District 2
9e31bbef-4d67-558d-a83d-a00222b7d9ce,ocd-division/country:us/state:wa/county:yakima/council_district:3,wa,Yakima County District 3
ef06de16-c52f-59d9-8648-3be6d42376f8,ocd-division/country:us/state:wa/place:kennewick/ward:1,wa,Kennewick WA Ward 1
d2cb2910-6835-552e-a9b5-a145bf2abd95,ocd-division/country:us/state:wa/place:kennewick/ward:2,wa,Kennewick WA Ward 2
317edbf4-8acc-5339-84ac-480fb45ce4df,ocd-division/country:us/state:wa/place:kennewick/ward:3,wa,Kennewick WA Ward 3
e15ca22f-be03-53a1-bdb4-40d73880925a,ocd-division/country:us/state:wa/place:raymond/ward:1,wa,Raymond WA Ward 1
bc8c9eb2-36b9-5294-a78e-7925392c1bbe,ocd-division/country:us/state:wa/place:raymond/ward:2,wa,Raymond WA Ward 2
27a4856d-ef01-5844-a2e2-324b35e568ae,ocd-division/country:us/state:wa/place:raymond/ward:3,wa,Raymond WA Ward 3
3f69bd27-211e-5717-8087-752df1db0bde,ocd-division/country:us/state:wa/place:seattle/council_district:1,wa,Seattle WA City Council District 1
f71062bc-6e2b-510d-9e73-949ce0eb24e4,ocd-division/country:us/state:wa/place:seattle/council_district:2,wa,Seattle WA City Council District 2
c6544b71-473f-5a44-9fae-454338dff369,ocd-division/country:us/state:wa/place:seattle/council_district:3,wa,Seattle WA City Council District 3
597f7e1a-b8ae-5fad-81b8-b4164d0191a9,ocd-division/country:us/state:wa/place:seattle/council_district:4,wa,Seattle WA City Council District 4
f7b73795-f532-5ca7-aeb5-cd80e69b3c8c,ocd-division/country:us/state:wa/place:seattle/council_district:5,wa,Seattle WA City Council District 5
d99efa55-1392-5451-b6da-7e780daea5e4,ocd-division/country:us/state:wa/place:seattle/council_district:6,wa,Seattle WA City Council District 6
ff6f051b-dde4-566e-8c2f-48e56956b270,ocd-division/country:us/state:wa/place:seattle/council_district:7,wa,Seattle WA City Council District 7
f8c3e4c1-e99b-5805-953c-b698224bbc6f,ocd-division/country:us/state:wa/place:seattle/school_board_district:1,wa,Seattle WA School Board District District 1
29705920-62d0-5801-af65-643d82713dba,ocd-division/country:us/state:wa/place:seattle/school_board_district:2,wa,Seattle WA School Board District District 2
5b303231-6b28-5e03-94b2-5a658117cc57,ocd-division/country:us/state:wa/place:seattle/school_board_district:3,wa,Seattle WA School Board District District 3
3b32b422-a468-5b59-a724-a934317cea84,ocd-division/country:us/state:wa/place:seattle/school_board_district:4,wa,Seattle WA School Board District District 4
1c0d4897-c4da-57e9-90c7-a6e1d77f9b45,ocd-division/country:us/state:wa/place:seattle/school_board_district:5,wa,Seattle WA School Board District District 5
5e0b03af-f18a-5093-b7a8-a0ddff57a010,ocd-division/country:us/state:wa/place:seattle/school_board_district:6,wa,Seattle WA School Board District District 6
68b6cc54-f507-5a8f-a24e-355c52b95335,ocd-division/country:us/state:wa/place:seattle/school_board_district:7,wa,Seattle WA School Board District District 7
1814d15c-fdd6-5784-a218-bd70311240d0,ocd-division/country:us/state:wa/place:spokane/council_district:1,wa,Spokane WA City Council district 1
63d6899f-c171-568a-a266-7e0aef846bb8,ocd-division/country:us/state:wa/place:spokane/council_district:2,wa,Spokane WA City Council district 2
5fdfdb24-dab0-504e-b24a-42c42ded16c0,ocd-division/country:us/state:wa/place:spokane/council_district:3,wa,Spokane WA City Council district 3
5a6d0ba1-1a71-5904-9a8e-eca01df456c7,ocd-division/country:us/state:wa/place:tacoma/council_district:1,wa,Tacoma WA City Council district 1
9f73da04-9d8f-5fbd-9629-04dd5b8823fe,ocd-division/country:us/state:wa/place:tacoma/council_district:2,wa,Tacoma WA City Council district 2
248b3e33-5052-52c3-a3ac-5981372a5ef4,ocd-division/country:us/state:wa/place:tacoma/council_district:3,wa,Tacoma WA City Council district 3
b4be338e-09a7-5376-8b59-a5c842f999c8,ocd-division/country:us/state:wa/place:tacoma/council_district:4,wa,Tacoma WA City Council district 4
2d53b9e1-ef27-5aee-a4d2-4b02020421d0,ocd-division/country:us/state:wa/place:tacoma/council_district:5,wa,Tacoma WA City Council district 5
